-- MySQL dump 10.13  Distrib 5.7.26, for Linux (x86_64)
--
-- Host: 127.0.0.1    Database: uv_projektna_schema
-- ------------------------------------------------------
-- Server version	5.7.26-0ubuntu0.16.04.1

/*!40101 SET @OLD_CHARACTER_SET_CLIENT=@@CHARACTER_SET_CLIENT */;
/*!40101 SET @OLD_CHARACTER_SET_RESULTS=@@CHARACTER_SET_RESULTS */;
/*!40101 SET @OLD_COLLATION_CONNECTION=@@COLLATION_CONNECTION */;
/*!40101 SET NAMES utf8 */;
/*!40103 SET @OLD_TIME_ZONE=@@TIME_ZONE */;
/*!40103 SET TIME_ZONE='+00:00' */;
/*!40014 SET @OLD_UNIQUE_CHECKS=@@UNIQUE_CHECKS, UNIQUE_CHECKS=0 */;
/*!40014 SET @OLD_FOREIGN_KEY_CHECKS=@@FOREIGN_KEY_CHECKS, FOREIGN_KEY_CHECKS=0 */;
/*!40101 SET @OLD_SQL_MODE=@@SQL_MODE, SQL_MODE='NO_AUTO_VALUE_ON_ZERO' */;
/*!40111 SET @OLD_SQL_NOTES=@@SQL_NOTES, SQL_NOTES=0 */;

--
-- Table structure for table `course`
--

DROP TABLE IF EXISTS `course`;
/*!40101 SET @saved_cs_client     = @@character_set_client */;
/*!40101 SET character_set_client = utf8 */;
CREATE TABLE `course` (
  `id` int(11) NOT NULL AUTO_INCREMENT,
  `description` text NOT NULL,
  `title` varchar(40) NOT NULL,
  `topicid` varchar(10) NOT NULL,
  `userid` varchar(50) NOT NULL,
  PRIMARY KEY (`id`)
) ENGINE=MyISAM AUTO_INCREMENT=12 DEFAULT CHARSET=latin1;
/*!40101 SET character_set_client = @saved_cs_client */;

--
-- Dumping data for table `course`
--

LOCK TABLES `course` WRITE;
/*!40000 ALTER TABLE `course` DISABLE KEYS */;
INSERT INTO `course` VALUES (5,'The New History of the World by J. M. Roberts\r\n- [is probably the best single volume,history of the world out there. I own several editions of this book.]\r\n\r\nThe Story of Civilization by Will and Ariel Durant\r\n-is an eleven-volume (12 if you count The Story of Philosophy, which the set I have includes) to covers the wide-breath of history.\r\nIt is a little out of date now. The last volume was published in 1975, and Durant passed away in 1981.\r\n\r\nThe 100: A Ranking of the Most Influential Persons in History by Michael Hart\r\n- is an interesting book. It is a list of 100 short (~ 3-10 page) biographies of who the author believes are the most influential persons from human history. He ranks Mohammad at #1.\r\n\r\nThe Military 100: A Ranking of the Most Influential Leaders of All Time by Lt. Col Michael Lee Lanning\r\n-is a similar ranking of military leaders from world history.\r\n\r\nIn Search of the Indo-Europeans: Language, Archaeology, and Myth by J. P. Mallory\r\n-is very good. English, Latin, Greek, Russian, Farsi (Iranian), Hindi, etc. are all closely related. Understanding the origins of the worlds largest language family is important.\r\n','World history','1','acad34fa-22e4-47de-8cc3-db957913fdd7'),(6,'Algebra and Trigonometry with Analytic Geometry by E. Swokowski.\r\n-This latest edition in the highly respected Swokowski/Cole precalculus series retains the elements that have made it so popular with instructors and students alike: its exposition is clear, the time-tested exercise\r\n sets feature a variety of applications, its uncluttered layout is appealing, and the difficulty level of problems is appropriate and consistent.\r\n\r\nAbel\'s Theorem in Problems and Solutions: Based on the Lectures of Professor V.I. Arnold\r\n-Do formulas exist for the solution to algebraical equations in one variable of any degree like the formulas for quadratic equations?\r\n  The main aim of this book is to give new geometrical proof of Abel\'s theorem, as proposed by Professor V.I. Arnold.\r\n\r\nIntroduction To Commutative Algebra\r\n-This book grew out of a course of lectures given to third year undergraduates at Oxford University and it has the modest aim of producing a rapid introduction to the subject.\r\n It is designed to be read by students who have had a first elementary course in general algebra.\r\n\r\n Linear Representations of Finite Groups by Jean-Pierre Serre\r\n -This book consists of three parts, rather different in level and purpose: The first part was originally written for quantum chemists. It describes the correspondence, due to Frobenius, between linear representations and charac- ters.\r\n This is a fundamental result, of constant use in mathematics as well as in quantum chemistry or physics.\r\n','Algebra','2','acad34fa-22e4-47de-8cc3-db957913fdd7'),(7,'Chemistry by Steven S. Zumdahl,  Susan A. Zumdahl\r\n-Authors Steven and Susan Zumdahl offer all the elements instructors need for their general chemistry course. They bring a conceptual approach\r\nto chemistry and integrate problem-solving skills throughout, helping students transition from theory to practice.\r\n\r\nOrganic Chemistry by Jonathan Clayden,  Nick Greeves, Stuart Warren, Peter Wothers\r\n-This new and innovative text helps students develop a deeper understanding of organic chemistry. It treats the subject as a coherent whole, complete with numerous logical connections, consequences, and an underlying structure and \"language.\"\r\n\r\nGeneral Chemistry by Linus Pauling\r\nWhen it was first published, this first-year chemistry text revolutionized the teaching of chemistry by presenting it in terms of unifying principles instead of as a body of unrelated facts. Those principles included modern theories of atomic and molecular structure, quantum mechanics, statistical mechanics and thermodynamics','All aroung chemistry','3','acad34fa-22e4-47de-8cc3-db957913fdd7'),(8,'The Disappearing Spoon: And Other True Tales of Madness, Love, and the History of the World from the Periodic Table of the Elements\r\n-Why did Gandhi hate iodine (I, 53)? Why did the Japanese kill Godzilla with missiles made of cadmium (Cd, 48)? How did radium (Ra, 88) nearly ruin Marie Curie\'s reputation? And why did tellurium (Te, 52) lead to the most bizarre gold rush in history?\r\n\r\nElements: A Visual Exploration of Every Known Atom in the Universe (Hardcover)\r\n-An eye-opening, original collection of gorgeous, never-before-seen photographic representations of the 118 elements in the periodic table.\r\n\r\nPeriodic Tales: The Curious Lives of the Elements by Hugh Aldersey-Williams\r\n-Everything is made of them, from the furthest reaches of the universe to this book that you hold in your hands, including you. Like you, the elements have lives: personalities and attitudes, talents and shortcomings, stories rich with meaning.\r\nYou may think of them as the inscrutable letters of the periodic table but you know them much better than you realise.\r\n\r\nStuff Matters: Exploring the Marvelous Materials That Shape Our Man-Made World by Mark Miodownik\r\n-Why is glass see-through? What makes elastic stretchy? Why does a paper clip bend? Why does any material look and behave the way it does? These are the sorts of questions that Mark Miodownik is constantly asking himself. A globally-renowned materials scientist, Miodownik has spent his life exploring objects\r\n as ordinary as an envelope and as unexpected as concrete cloth, uncovering the fascinating secrets that hold together our physical world.','Chemistry The Central Science','3','c2b23777-25c2-4970-bcb4-8bc615abd052'),(9,'China occupies a unique place in our modern world for the continuity of its history and culture. Get in touch from prehistoric times to the present. These books follow its development\r\n from the rise of Confucianism, Buddhism, and the great imperial dynasties to the Mongol, Manchu, and Western intrusions\r\n  and the modern communist state. Experience phenomenal--embracing Chinese arts, culture, economics, society and its treatment\r\n  of women, foreign policy, emigration, and politics, including the key uprisings of 1919 and 1989 in Tiananmen Square.\r\n\r\n\r\nThis Is China: The First 5,000 Years by Haiwang Yuan:\r\n-This should be the standard text in every introductory class to Chinese history. It is an incredibly short, brief book that is a crash course on Chinese history to the uninitiated as well as a solid quick reference for the more experienced. It is a work that runs over the surface of almost everything Chinese history has to offer and dips its head under the water at select places to try to give the reader a real taste of what lies before them. More than cover Chinese history, it is a great book to illustrate the fact that trying to understand all of Chinese history at once is impossible and is as much art and dynamic dialogue as it is inexact science and lively academia. Another must have.\r\n\r\nA History of Chinese Civilization by Jacques Gernet:\r\n-A readable and detailed survey of Chinese history that is notable for not prejudicing modern history over earlier periods. It heavily focuses on intellectual and cultural history, and at times the details of the political history get ignored, but any survey this ambitious must make cuts. The account of the nineteenth century is particularly vivid.\r\n\r\n\r\nCambridge Illustrated History of China by Patricia Buckley Ebrey (2nd ed. 2010).\r\n- Incredibly beautiful. Don\'t let the visuals fool you into thinking this is a glorified picture book. It is a masterpiece of clear concise writing, tying together dates, places, and names so that they clarify events instead of overwhelming the reader. The images themselves are not only beautifully rendered but also masterfully picked so that they enhance the text, rather than detract from it. Finally, the author pays special attention to possible Western biases or misconceptions and handles them gracefully. This is the general reference book to get that is as enjoyable to read as it is informative as well as academically rigorous in its methodology.\r\n\r\nChinese Civilization: A Sourcebook edited by Patricia Buckley Ebrey.\r\n- Another standard find in intro Chinese history courses in college.\r\n\r\nA Short History of China: From Ancient Dynasties to Economic Powerhouse By Gordon Kerr.\r\n-Soldiers of the Dragon edited by CJ Peers. Osprey publishers have a wide variety of awesome military histories. You wouldn\'t be likely to find this in a college classroom, but that can be a plus. It\'s not a hard read, but extremely informative.\r\n','China through ages','1','c2b23777-25c2-4970-bcb4-8bc615abd052'),(10,'This course provides an elementary introduction to probability and statistics with applications. Topics include: basic combinatorics, random variables, probability distributions, Bayesian inference, hypothesis testing, confidence intervals, and linear regression.\r\n\r\n Introduction to probabillity models by Sheldon M. Ross\r\n-Is the primary text for a first undergraduate course in applied probability. This updated edition of Ross\'s classic\r\nbestseller provides an introduction to elementary probability theory and stochastic processes, and shows how probability theory can be applied to the study of phenomena in fields such as engineering, computer science, management science, the physical and social sciences, and operations research. With the addition of several new sections relating to actuaries, this text is highly recommended by the Society of Actuaries.\r\n\r\nAn Intermediate Course in Probability by Allan Gut\r\n-The purpose of this text is to provide the reader with a solid background and understanding of the basic results and methods in probability theory before entering into more advanced courses. The first six chapters focus on the central areas of probability:\r\nmultivariate random variables; conditioning; transforms; order variables; the multivariate normal distribution; and convergence.\r\n\r\nExercises in Probability by T. Cacoullos\r\n-The author, the founder of the Greek Statistical Institute, has based this book on the two volumes of his Greek edition which has been used by over ten thousand students during the past fifteen years.\r\nIt can serve as a companion text for an introductory or intermediate level probability course.','Statistics and probabillity','2','c2b23777-25c2-4970-bcb4-8bc615abd052'),(11,'Chronicle of the Maya Kings and Queens by Martin and Grube\r\n-Behind immense, ruined cities, and abandoned artworks deep in the rainforests of Central America lie the turbulent stories of the Maya monarchy. This text examines 11 of the most important Maya kingdoms, and provides biographical accounts of the 152 kings and 4 ruling queens. The authors set out the latest thinking on the nature of Maya divine kingship, statehood, and political authority, and describe recent readings and archaeological finds. All royal names are spelt out in hieroglyphs, and datafiles listing lineage, spouses and children, and place of burial are included.\r\n\r\nA Forest of Kings: The Untold Story of the Ancient Maya by David Friedel and Linda Schele.\r\n-ecent interpretation of Maya hieroglyphs has given the 1st written history of the New World as it existed before the European invasion. In this book, two of the 1st central figures in the effort to decode the glyphs, Linda Schele & David Freidel, detail this history. A Forest of Kings is the story of Maya kingship, from the beginning of its institution & the 1st great pyramid builders 2000 years ago to the decline of Maya civilization & its destruction by the Spanish. Here the great rulers of pre-Columbian civilization come to life again with the decipherment of their writing. At its height, Maya civilization flourished under great kings like Shield-Jaguar, who ruled for over 60 years, expanding his kingdom & building some of the most impressive works of architecture in the ancient world. Long placed on a mist-shrouded pedestal as austere, peaceful stargazers, Maya elites are now known to have been the rulers of populous, aggressive city-states.\r\n\r\nAztec Warfare: Imperial Expansion and Political Control by Ross Hassig.\r\n-In exploring the pattern and methods of Aztec expansion, Ross Hassig focuses on political and economic factors. Because they lacked numerical superiority, faced logistical problems presented by the terrain, and competed with agriculture for manpower, the Aztecs relied as much on threats and the image of power as on military might to subdue enemies and hold them in their orbit. Hassig describes the role of war in the everyday life of the capital, Tenochtitlan: the place of the military in Aztec society; the education and training of young warriors; the organization of the army; the use of weapons and armor; and the nature of combat.\r\n\r\n1491: New Revelations of the Americas Before Columbus by Charles C. Mann (Available on CD.)\r\n-In this groundbreaking work of science, history, and archaeology, Charles C. Mann radically alters our understanding of the Americas before the arrival of Columbus in 1492.\r\nContrary to what so many Americans learn in school, the pre-Columbian Indians were not sparsely settled in a pristine wilderness; rather, there were huge numbers of Indians who actively molded and influe\r\n\r\n*Empire of the Summer Moon by S.C Gwynne (Also available on CD.)\r\n-In the tradition of Bury My Heart at Wounded Knee, a stunningly vivid historical account of the forty-year battle between Comanche Indians and white settlers for control of the American West, centering on Quanah, the greatest Comanche chief of them all.\r\n\r\n*Canada\'s First Nations: A History of Founding Peoples from Earliest Times by Olive Dickason and David T. McNab\r\n-This is a comprehensive history of Canada\'s original inhabitants-- Indians, Inuit, and later, Metis. Using an interdisciplinary approach that combines history, anthropology, and archaeology, Dickason tells the story of the more than 50 nations in the territory that is now Canada, beginning with the arrival of people in North America from across the Bering Strait \r\n*American Holocaust: The Conquest of the New World by David E. Stannard','Native American History','1','265172ad-713f-4638-bd8c-a75727ac1db2');
/*!40000 ALTER TABLE `course` ENABLE KEYS */;
UNLOCK TABLES;

--
-- Table structure for table `hibernate_sequence`
--

DROP TABLE IF EXISTS `hibernate_sequence`;
/*!40101 SET @saved_cs_client     = @@character_set_client */;
/*!40101 SET character_set_client = utf8 */;
CREATE TABLE `hibernate_sequence` (
  `next_val` bigint(20) DEFAULT NULL
) ENGINE=MyISAM DEFAULT CHARSET=latin1;
/*!40101 SET character_set_client = @saved_cs_client */;

--
-- Dumping data for table `hibernate_sequence`
--

LOCK TABLES `hibernate_sequence` WRITE;
/*!40000 ALTER TABLE `hibernate_sequence` DISABLE KEYS */;
INSERT INTO `hibernate_sequence` VALUES (1);
/*!40000 ALTER TABLE `hibernate_sequence` ENABLE KEYS */;
UNLOCK TABLES;

--
-- Table structure for table `topic`
--

DROP TABLE IF EXISTS `topic`;
/*!40101 SET @saved_cs_client     = @@character_set_client */;
/*!40101 SET character_set_client = utf8 */;
CREATE TABLE `topic` (
  `id` int(11) NOT NULL AUTO_INCREMENT,
  `name` varchar(30) NOT NULL,
  `description` varchar(100) NOT NULL,
  PRIMARY KEY (`id`)
) ENGINE=MyISAM AUTO_INCREMENT=7 DEFAULT CHARSET=latin1;
/*!40101 SET character_set_client = @saved_cs_client */;

--
-- Dumping data for table `topic`
--

LOCK TABLES `topic` WRITE;
/*!40000 ALTER TABLE `topic` DISABLE KEYS */;
INSERT INTO `topic` VALUES (1,'History','All the histoy courses'),(2,'Math','Math courses'),(3,'Chemistry','Courses about chemistry');
/*!40000 ALTER TABLE `topic` ENABLE KEYS */;
UNLOCK TABLES;

--
-- Table structure for table `user`
--

DROP TABLE IF EXISTS `user`;
/*!40101 SET @saved_cs_client     = @@character_set_client */;
/*!40101 SET character_set_client = utf8 */;
CREATE TABLE `user` (
  `id` varchar(50) NOT NULL,
  `avatar` text,
  `email` varchar(30) NOT NULL,
  `name` varchar(20) NOT NULL,
  `password` varchar(30) NOT NULL,
  `surname` varchar(20) NOT NULL,
  PRIMARY KEY (`id`)
) ENGINE=MyISAM DEFAULT CHARSET=latin1;
/*!40101 SET character_set_client = @saved_cs_client */;

--
-- Dumping data for table `user`
--

LOCK TABLES `user` WRITE;
/*!40000 ALTER TABLE `user` DISABLE KEYS */;
INSERT INTO `user` VALUES ('acad34fa-22e4-47de-8cc3-db957913fdd7','data:image/png;base64,iVBORw0KGgoAAAANSUhEUgAAAgAAAAIACAYAAAD0eNT6AACH/ElEQVR42u2dBZgb19WGZa92pdXKstdMa2avmTGJw5w0TRtsGmZsGJsGHGy4iQMONowOp2FuOA0z2Q44ZFqUNP/5xjP+x1pp5o54pE/Pc584tvbd0Z3R+c6994DPxxdffPHFF1988eX2tdFG67eT0d4y2pFHHnnkkUceed7iuf3lFYmDPPLII4888sjzFs+t1+GXUWkZ/nS9D/LII4888sgjL/+8dH45fmGVZVRm+GHII4888sgjj7w88tL55QEZQcsIZPhhyCOPPPLII4+8PPLS+eX4hdWWEczww5BHHnnkkUceeXnkmUzVNyK6MCSjxjLw/+3T/MXkkUceeeSRR17+ee2MoMH2qr8cvzBsGTUZfhjyyCOPPPLIIy+/PDOA0NkBsPzyiGWEM/wwYfLII4888sgjL6+8dpasAXsHwHhzyHIBHY3/ZvJhTE5H8sgjjzzyyCMvLzwzgLDK4gC0s3tz0LL1EOFkk0ceeeSRR54neWbWwFoHwMlTqE44e+Bkk0ceeeSRR563eCFL1gAcAL/TGUHQ4gDUcLLJI4888sgjz3M8U8NNB6DSbuvfb3gIpgMQ4mSTRx555JFHnud41qyBatuiQUZQQKXFAQhysskjjzzyyCPPk7yIxQEIOgX9WR2ATMoV8uaRRx555JFHXmF5pgMQstVz44cqLDmCFH/yyCOPPPLI8y4vohTDZ3EA/BR/8sgjjzzyyPM8Ty17z+IAUPzJI4888sgjr1x4GXYU4mSTRx555JFHnsd5nBzyyCOPPPLIo/hzcsgjjzzyyCOP4s/JJo888sgjjzyKPyebPPLII4888ij+5JFHHnnkkUcexZ888sgjjzzyyCtG8VfO/uNkk0ceeeSRR15J8MzS/8pFgsKcbPLII4888sjzvPj7lRwASz/hCCebPPLII4888jwt/ma/H3sHwHhzyFj9RzjZ5JFHHnnkkedZ8Q8Y3X4rbUv/G28OGqv/sKW3MCebPPLII4888rzFCxpjrQPg5ClUWxyAMCebPPLII4888jzHCxl6bjoAfqczgqDFAajhZJNHHnnkkUee53imhpsOQKXd1r/f8BBMByDEySaPPPLII488z/HM3XvTAQjYiX+F4R1UWc4LONnkkUceeeSR5z1exOIABJ2C/qwOQEC5ShAnmzzyyCOPPPKKjWc6ACFbPTd+qMKSI0jxJ4888sgjjzzv8iJKMXwWB8BP8SePPPLII488z/PUsvcsDgDFnzzyyCOPPPLKhZeu8HOyySOPPPLII680eJwc8sgjjzzyyKP4c3LII4888sgjj+LPySaPPPLII488ij8nmzzyyCOPPPIo/uSRRx555JFHHsWfPPLII4888sgrRvFXzv7jZJNHHnnkkUdeSfDM0v/KRYLCnGzyyCOPPPLI87z4+5UcAEs/4QgnmzzyyCOPPPI8Lf5mvx97B8B4c8hY/Uc42eSRRx555JHnWfEPGN1+K21L/xtvDhqr/7CltzAnmzzyyCOPPPK8xQsaY60D4OQpVFscgDAnmzzyyCOPPPI8xwsZem46AH6nM4KgxQGo4WSTRx555JFHnud4poabDkCl3da/3/AQTAcgxMkmjzzyyCOPPM/xzN170wEI2Il/heEdVFnOCzjZ5JFHHnnkkec9XsTiAASdgv6sDkBAuUoQJ5s88sgjjzzyio1nOgAhWz03fqjCkiNI8SePPPLII4887/IiSjF8FgfAT/EnjzzyyCOPPM/z1LL3LA4AxZ888sgjjzzyyoWXrvBzsskjjzzyyCOvNHicHPLII4888sij+HNyyCOPPPLII4/iz8kmjzzyyCOPPIo/J5s88sgjjzzyKP7kkUceeeSRRx7FnzzyyCOPPPLIK0bxV87+42STRx555JFHXknwzNL/ykWCwpxs8sgjjzzyyPO8+PuVHABLP+EIJ5s88sgjjzzyPC3+Zr8fewfAeHPIWP1HONnkkUceeeSR51nxDxjdfittS/8bbw4aq/+wpbcwJ5s88sgjjzzyvMULGmOtA+DkKVRbHIAwJ5s88sgjjzzyPMcLGXpuOgB+pzOCoMUBqOFkk0ceeeSRR57neKaGmw5Apd3Wv9/wEEwHIMTJJo888sgjjzzP8czde9MBCNiJf4XhHVRZzgs42eSRRx555JHnPV7E4gAEnYL+rA5AQLlKECebPPLII4888oqNZzoAIVs9N36owpIjSPEnjzzyyCOPPO/yIkoxfBYHwE/xJ4888sgjjzzP89Sy9ywOAMWfPPLII4888sqFl67wc7LJI4888sgjrzR4nBzyyCOPPPLIo/hzcsgjjzzyyCOP4s/JJo888sgjjzyKPyebPPLII4888ij+5JFHHnnkkUcexZ888sgjjzzyyCtG8VfO/uNkk0ceeeSRR15J8MzS/8pFgsKcbPLII4888sjzvPj7lRwASz/hCCebPPLII4888jwt/ma/H3sHwHhzyFj9RzjZ5JFHHnnkkedZ8Q8Y3X4rbUv/G28OGqv/sKW3MCebPPLII4888rzFCxpjrQPg5ClUWxyAMCebPPLII4888jzHCxl6bjoAfqczgqDFAajhZJNHHnnkkUee53imhpsOQKXd1r/f8BBMByDEySaPPPLII488z/HM3XvTAQjYiX+F4R1UWc4LONnkkUceeeSR5z1exOIABJ2C/qwOQEC5ShAnmzzyyCOPPPKKjWc6ACFbPTd+qMKSI0jxJ4888sgjjzzv8iJKMXwWB8BP8SePPPLII488z/PUsvcsDgDFnzzyyCOPPPLKhZeu8HOyySOPPPLII680eJwc8sgjjzzyyKP4c3LII4888sgjj+LPySaPPPLII488ij8nmzzyyCOPPPIo/uSRRx555JFHHsWfPPLII4888sgrRvFXzv7jZJNHHnnkkUdeSfDM0v/KRYLCnGzyyCOPPPLI87z4+5UcAEs/4QgnmzzyyCOPPPI8Lf5mvx97B8B4c8hY/Uc42eSRRx555JHnWfEPGN1+K21L/xtvDhqr/7CltzAnmzzyyCOPPPK8xQsaY60D4OQpVFscgDAnmzzyyCOPPPI8xwsZem46AH6nM4KgxQGo4WSTRx555JFHnud4poabDkCl3da/3/AQTAcgxMkmjzzyyCOPPM/xzN170wEI2Il/heEdVFnOCzjZ5JFHHnnkkec9XsTiAASdgv6sDkBAuUoQJ5s88sgjjzzyio1nOgAhWz03fqjCkiNI8SePPPLII4887/IiSjF8FgfAT/EnjzzyyCOPPM/z1LL3LA4AxZ888sgjjzzyyoWXrvBzsskjjzzyyCOvNHicHPLII4888sij+HNyyCOPPPLII4/iz8kmjzzyyCOPPIo/J5s88sgjjzzyKP7kkUceeeSRRx7FnzzyyCOPPPLIK0bxV87+42STRx555JFHXknwzNL/ykWCwpxs8sgjjzzyyPO8+PuVHABLP+EIJ5s88vLP69+/rp/fXzFS/nmWjG1k7CHjMBmnyDhXxuUyrpNxi4w7ZdwnY5GMh9q1a/dwZWXlw1VVlQ9WVVXdI+M2GQvl7y+Ufz9VxqEGC3++QMZVMm6QcbuMe2U8AI4xFsnP3S+8+4Rxp4xbAoGqq+W/F8nf4+cPl/FXGdvKmC1jhIwuMtrx/pJHXtGIv9nvx94BMN4cMlb/EU42eeRlnReSUQ9hFxE9QsT0MhkQ2dcrK/2L/X5/s/y9Jv/ueuDnxHGQ4beMCq0AvBYZ38l4TcY9Mi6WcWT79u3/0KlTxxnDhw/tw+eFPPLyIv4Bo9tvpW3pf+PNQWP1H7b0FuZkk0eee17EWMEfIONSGf8xRDFeZGJdKN734vQ8J39/pfz7ITLWk1HL54888rLGCxpjrQPg5ClUWxyAMCebPPKUeBCujWWcYKx4vzSFvkTEOp+8b43jDBwxbC6jK58/8shzzQsZem46AH6nM4KgxQGo4WSTR15yXrduXca0b9/ur/LPV8v4wE7sKf5Z4X0q43oZ+8jPD+fzTB55tjxTw00HoNJu699veAimAxDiZJNH3v/zJChvUE1NaG85q79JBOgbinVheRIrsQTBjaFQ9QG9evUYyueZPPLWyd4LWxyAgJ34VxjeQZXlvICTTV7Z8yoqKqYEAoGz5Zz6DRGuGMW6aHnYfXlLxpkyZvhsMhD4/SCvDHgRiwMQdAr6szoAAeUqQZxs8kqPh/fOlXGxiMq3FFfP8pbK+JeMDWX4+f0gr8x4pgMQstVz44cqLDmCFH/yypE3ScZFMr6nuJYcb5lvTc2EGfx+kFcmvIhSDJ/FAfBT/MkrM14PGcfL+KhYxSsUCjX3799/1eTJk1duuummjbvuumvroYceqp144onaOefM1y6++GLtyiv/pV1//fXaXXfdpS1atGid8cADD2h33nmndsstt2jXXHON9s9//lM77bTTtAMPPLB5n332WXnSSSdp8+fP1//+iiuu0K6++mpt4cKF2k033ajdeuut+rjpppv0v1uwYIF2ySWXyO89Rzv11FO1I488Utt777217bbbLjZnzpzmkSNHNnbt2rVZjktiRexMfCY/d1qPHt1H8PtBXgnz1LL3LA4AxZ+8cuDhOd/UtyZNr6WQK1cpiBPr06fP6vXWW6/hgAMOiF944YXaPffco7388sval19+qTU2NmqJr1gspq1evVpbtWrV2oH/x9+n88oVb8mSxdqbb76pPfTQQ7rj8fe//13bc889tVmzZjV37969SXU+c3g/olIl8bFwuGbn6dOn1PL7QV5Z8tIVfk42eR7jhX1rSt9+lm+xkSDC2JAhQ1b/6U9/aj7rrLO0Rx55RBf4aDRaFGJdCF5DQ4P23nvvaXfffbd2+umnazvssENs0KBBTeIUxQvgjH0t/360jI78vpFXrjxODnmlyOsrA/Xvf8/HShMCNmzYsJWyxd563XXXaa+++or266+/elqs88nDrsdrr72mXXXVVfqOwYgRI5rkSCGep2OElTIuk9Gf3zfyKP6cHPK8yxvkW1OgpzmX28ySh94i29qrca7+xBNPaCtXriwbsc4X74cfvtceffQRiV04FUcILeIQRHMcQ9DqW9MYaRi/b+RR/DnZ5HmHN1DGTTKiORIHTVb4qyUIL/7SSy9pra2tFOs885qamrSnn35aO/7447X6+nrbpkkZ7uzEZNwmYyi/b+RR/DnZ5BUvDxH9SPVqyfbKUM7wWzfffPNGRMgvXryYYl1kvB9//FHPUthyyy0lsK8qmoMYAuwIXCU7D334fSOP4s/JJq9IeB06hGvkn0+TsSqb28IQEglMa0EUO1acXhfXpUuXyjb6o3qqH1L/DjroQO0vf/mLJmmF2m677abttdde2uGHH66deeaZ2g033KBhd+P333/33OdFcOF9992n/fGPf4xJCmU0uwGE/oZgMHDeqFEjevH7Sx7Fn5NNXgF5EnC3o/zz174sBYQhgG/mzJlNyKlfsWKFp1fWCKZDSuHuu++u1dXVpb0Sltx+7ZBDDtGeeeaZtb/fKzsJ2Bm48cYbtU022QQpf/FsBRBKD4LF0n/gr/z+kudV8VfO/uNkk1dsvM6dayeJUX7al6Vo8MGDBzegGM53333n+W117FacffbZWpcuXbKeSiepjNrNN9+8zrV55RgBRze4xwMGDGjxZW+n6FkZI/n9Jc9DPLP0v3KRoDAnm7xi4E2bNqmLnMefLsa3KVPxl/Ncbd68ec0PPfRgyZypY8t+6tSpOa9rsOuuu+g7JF6MIYjH43q2xhZbbBEzGghlGiOCZ/FkGZX8/pLnAfH3KzkAln7CEU42eYXmderUcT0xwO9lKl7V1dXRPfbYI/bGG2+UXEDdKaeckreKhnfccbvn5+/rr7/WjjrqKP2Z8GWePfCujMn8/pJXxOJv9vuxdwCMN4eM1X+Ek01eoXhz5syolcCrM8T4tmYiXrIl3nzyySfrRr9Uo+mPPvrovFXQw9m60/WhABJ6B0h0Po5ZtE6dOmm1tbXa0KFDtW222Ub/t++/X1rw+cN1nnHGGbi21gznr9XYDWjP7y95RSb+AaPbb6Vt6X/jzUFj9R+29BbmZJOXV17Pnj3qZav+pUzEq6ampgXld3/++eeST6X7/vvvNSmnm3Px33DDDZP2KbC+Xn/9da1z586OvD59emvYjSmG+cPPnXvuubju1gzn73kZ/WgPyCsSXtAYax0AJ0+h2uIAhDnZ5OWbJ8K9ixjf39MVL3SkQ7c6BH+VUx49Pu/++++Pbe2siz8CC//xj38opUUedthhymfqSEsspvuBXQnsFkUikWgG8/ebZJVsT3tAXoF5IUPPTQfA73RGELQ4ADWcbPLyyZsxY2pnCfS7SMQhno7xxft32WWX+FdffVXWRXTQbOi8887TNthgAxQySlv8sYrfdttt9TbBy5b9pHx9OGqZMGGCo/jPmDFD37koxvuBz7DvvvtqTsGCNvMXl7m/EMdYtAfkFYBnarjpAFTabf37DQ/BdABCnGzy8snr379ukKzcn0135Tp37tzmt956ixX0EnhYsWObHQV+ECiIoj8QdWzlz549W5szZ4620UYbaX/4wx/03QOch9988016O99Mov3xftQPwAp/++23x/3RpPUxOv/pf/fCCy/oUfnFPn/vvvsu5ijqS7tuQOVTdXV9B9AekJdHnrl7bzoAATvxrzC8gyrLeQEnm7y88bp06TxVCqx8k474d+jQofWmm25i+VzycspDDQQzUNDnPnXwC/n34bQH5OWJF7E4AEGnoD+rAxBQrhLEySYvC7xIpMOWa8773Yu/RJjHlyxZQvEiLy88BJNKCeW4L726Ab/ImEN7QF4eeKYDELLVc+OHKiw5ghR/8vLGk3rt+4qhbHYr/rLqjyIVjeJFXiF4jzzyCIIiW33u6wagcNBOtAfk5ZgXUYrhszgAfoo/efnkVVcHj10T7OdO/FHb3Vz1U7zIKxTvp59+0rbeeut4GnUDsINwKO0BeTnkqWXvWRwAij95eeMFg8FT3OZZI7XvmmuuoXiRV1S8yy67DGmXsTTqBpxIe0BeQXnpCj8nm7z0xT9wlltj2bVr1+jLL79M8SKvKHkvvvgiui62ppG9cirtC3nFwOPkkJcP8T/HrfiPHTs29u2331JsyCtqHrpJSmplzOe+aNBJtC/kUfzJK/Uz/+Pciv+OO+4Yh6Gl2JDnBV40GtUOPvhg10WDxDE+lvaFPIo/eSXJM6L9lQP+8O8oO0uxIc+LvAsvvFCpgqAlgDAu35H9aV/Io/iTV1K8cDi8oxi4VlXxr6qqit1zzz0UG/I8zcMzjMBVn3rRoJZwuGZ72hfyKP7klQSvtrbTLDFsq1XFX7IDYk8++STFhryS4OFZlmc66lMvGrRC/n0M7Qt5FH/yPM2rq+szRMr7fqcq/pJKFX3uuecoNuSVFA89D/Bs+9SLBn0towftC3m5En/l7D9ONnnp8CZPntBVtj9fURV/Of+MIZWKYkNeKfKef/55fXfLRdGg52VU0r6Ql2WeWfpfuUhQmJNNnlteIFB1var4y/ti//nPfyg25JU077HHHoMTEHdRMfBS2hfysiz+fiUHwNJPOMLJJs8NT1bz+7iI9o/feeedFBvyyoL373//G4GBbspf70j7Ql6WxN/s92PvABhvDhmr/wgnmzxVXvfu3caJcVuhmud/xRVXUBzIKyveBRdc4KZc8HIZg2lfyMtQ/ANGt99K29L/xpuDxuo/bOktzMkmz5ZnnPu/oWrcDjvsMIoDeWXJc1ks6BUZFbRX5KXJCxpjrQPg5ClUWxyAMCebPBVeIBC4UFX8582bF29tbaU4kFe2FQOlbHDchRNwGu0VeWnwQoaemw6A3+mMIGhxAGo42eSp8Dp16ri+iH9URfwHDBgQ++WXXygO5JU17+eff0YDIaXeAfK9apHv2CzaK/Jc8EwNNx2ASrutf7/hIZgOQIiTTZ4Kb9q0SV3k3P89FfGXKn/xd955h+JAHnnyeuONN/SgQJ9CuWB53//wXaO9Ik+BZ+7emw5AwE78KwzvoMpyXsDJJk+JJ1v/p6u2QL3kkksoDuSRZ3nhO+FTLBcsaYSn0F6Rp8CLWByAoFPQn9UBCChXCeJklz2vS5fOE8VINamI/xZbbEFxII+8JK/NNttMpVcARoOMgbRX5DnwTAcgZKvnxg9VWHIEKf7kKfPESD2iIv7dunWL/fTTTxQH8shL8vrhhx+0zp07x3xq5YLvpr0iz4EXUYrhszgAfoo/eW547du338ynGMVsLfZDcSCPvLav2267TbVXAMY82ivybHhq2XsWB4DiT54yTxr9oE75eyriv+2221IcyCNP4bXNNtuo9gp4W0Y72ivyMuKlK/yc7LLn7aci/uFwOLZ48WKKA3nkKfA+/fQTLRLpEFPsFbAb7RV5bBFMXr55QRlLfS6i/ikO5JGnxps//2xNsVfAV74UHQNpr8ij+JOXK94hKuI/dOjQGKr9URzII0+d99tvv2nDhw+LK6bW7kd7RR7Fn7x88apkfKfiACxatIjiQB55afAeeOAB1RLB31h3AWivyKP4k5dL3gEqhklq/dOYk0deBrw5c+aoOgF70F6RR/EnL9e8CuPc0dEo/fe//6UxJ4+8DHgvvfSSqgPw4bhx9RW0V+RR/MnLJW97FYOEqmY05uSRlzlvk002UWkUpNXU1OxAe0WeC2Y7Tg55bnlPqxijZ599lsacPPKywHPaBbA0CnqK9oo8FeE36v4oFwkKc7LJk9doFfGXHuc05uSRl0Xe3LlzVRoFxbt16zqR9oo8B/H3KzkAln7CEU42efK6UmUl8uCDD9KYk0deFnkPP/ywUqMgabV9Ge0VeTbib/b7sXcAjDeHjNV/hJNd9rxqGSucxH/kyJHxlStX0piTR14WefF4XOoCDI/7nBsF/exbk6ZL+0deop4HjG6/lbal/403B43Vf9jSW5iTXb68nX0K/covuugiGnPyyMsB7/LLL1dtFLQD7RV5CbygMdY6AE6eQrXFAQhzssue94iT+Hfs2DGGlqY05uSRl33e8uXLEekfV2gUtIj2ijwLL2TouekA+J3OCIIWB6CGk132vO4yWp3OIPfbbz8ac/LIyyFvr732UukS2CKjlvaPPIuGmw5Apd3Wv9/wEEwHIMTJJk9eh6kEID3zzDM05uSRl0PeU089pSl2CdyH9q/seebuvekABOzEv8LwDqos5wWcbPLwet5J/IcNGxanMSePvNzz8F1T6BL4GO1f2fMiFgcg6BT0Z3UAAspVgjjZpc7rIiPqc4g+Pv3002nMySMvD7yTTjpJU+gSiGOAjrR/Zc0zHYCQrZ4bP1RhyRGk+JNnvv7ic0490r744gsac/LIywPvgw8+UO0PsDPtX1nzIkoxfBYHwE/xJy/hdbeT+NfX18dpzMkjL3+8ESNGxBUcgJtp/8qap5a9Z3EAKP7kWV8oKLLCKe/45JNPpjEnj7w88nAMoOAALJPRnvaPPCdAWsLPyS553hyFoiPa66+/TmNOHnl55L3yyitKxwAVFRWTaf/Iy8mLk13aPBH5U5zEv1evXnEac/LIyy8Pf9etWzfbYwB8TwOBwMm0f+RR/MlzzZP2os86FR3ZY489aMzJI68AvF122cWxMVdVVeUTtH/kUfzJc8UbP35MFxH9BqeiIzfeeCONOXnkFYC3cOFClRbBy+fMmVFL+0cexZ88ZV7HjpFNVSqOfffddzTm5JFXAN7XX3+t1CK4U6eOs2j/yKP4k6fMCwaDJzqJ/5AhQ+I05uSRVzheXV2dSovgA2n/yKP4k6fMq6qqutOp3Ojee+9NY04eeQXk7bbbbiotghfS/pGXhNmOk0NeUp4YkE+cyo1eddVVNObkkVdA3mWXXaYppOq+R/tHnlX4jbo/ykWCwpzs8uENHz6kpxiPmM8hx/jNN9+kMSePvALyUIPDKVXXt6aVd4D2jzxD/P1KDoCln3CEk10+vPbt289xEn85Ioi3tLTQmJNHXgF5v/32mybxOnGFgN1JtH8Uf0u/H3sHwHhzyFj9RzjZZcU7wMkBmDJlCo05eeQVAW/ChAlxp4BdGX+l/St78Q8Y3X4rbUv/G28OGqv/sKW3MCe7PHgXOTkA++67L40veeQVAW/33Xd3En+Mc2n/ypoXNMZaB8DJU6i2OABhTnZZ8R52cgD++c9/0viSR14R8M4++2wn8cdYRPtXtryQoeemA+B3OiMIWhyAGk522fE+c3IAHnnkERpf8sgrAt5DDz2k0hjoI9q/suSZGm46AJV2W/9+w0MwHYAQJ7vseJUyok4G5csvv6TxJY+8IuB99tlnKg5Ak4z2tH9lxTN3700HIGAn/hWGd1BlOS/gZJcfb5iTMamuDsathojGnDzyCseLRqPIAIgrOAF1tH9lxYtYHICgU9Cf1QEIKFcJ4mSXGm+ez6HF6MiRI2I0vuSRVzy8AQMGxBQcgFm0f2XFMx2AkK2eGz9UYckRpPiXL293n0OL0U022YTGlzzyiog3b948x2MAqe+xC+1fWfEiSjF8FgfAT/Eve95xPocWo3vuuSeNL3nkFRFvr7320px27gKBwMm0f2XFU8veszgAFH/yLvE5tBg95ZRTaHzJI6+IePhOOu3ciQNwOe0feUljAHxpvjjZJce72+fQX3zBggU0vuSRV0Q8NOZy2rlDh0/aP/Ky9uJklyTvOZ9Df/EHH3yQxpc88oqId99992lOO3eVlZXP0P6RR/Enz+71rs+hv/grr7xC40seeUXEe/HFFzWnnTsZ79D+kUfxJ8/u9bVTf/FPP/2Uxpc88oqI9/HHH2tOO3fy91/R/pFH8Scv5UuMxG9O/cV/+eUXGl/yyCsi3o8//ugk/vj3X2n/yKP4k5f0NW5cfYUYi5id+EsusbJxojEnj7z88FpaWpzEH6OV9o88ij95SXmDBw/sYyf+GKFQKEbjSx55xcerrq6OO31/ZQRp/8gzmO04OeSt5dXV9RniYDy02traKI0veeQVH69z585Rp++vjM60f2XPM0v/KxcJCnOyS5/Xu3fPkQ7GQ+vVq1crjS955BUfr2/fPq1O318ZvWn/yl78/UoOgKWfcISTXfq8Hj26j3EwHtrAgQNbaXzJI6/4ePhuOn1/ZQyk/Str8Tf7/dg7AMabQ8bqP8LJLn1ely6dJzgYD23UqFFRGl/yyCs+3ogRw1udvr8yhtL+la34B4xuv5W2pf+NNweN1X/Y0luYk13CvIqKinoH44FqYvE+ffq0Jo66uro2I9n7VAd55JHnjofvps+5JfAI2r+y5AWNsdYBcPIUqi0OQJiTXRa8sQoGRKHimOM2JHnkkVcY3ijav7LjhQw9Nx0Av9MZQdDiANRwssuGN57GkjzySppXT/tXVjxTw00HoNJu699veAimAxDiZJcVz9EB6N+/f+zmm2/WbrrpJm3hwoXaddddt3bg//H3+He3gzzyyMuM17dv35iqA0D7VxY8c/fedAACduJfYXgHVZbzAk52efEcHYBx48ZFGXBFHnnFx5MA3VYVB4D2r2x4EYsDEHQK+rM6AAHlKkGc7FLiKTkANL7kkVd8PBUHQAJ9x9L+lQ3PdABCtnpu/FCFJUeQ4l+evPFOZ5Djx4+P0viSR17x8ZwcAHx/a2s7TaP9KxteRCmGz+IA+Cn+Zc0b7xSAZHUAaHzJI694eHYOgPn97dy5dgbtX9nw1LL3LA4Axb+8eeOdoo8HDRoUu/HGGyX46Ebt1ltv1W677TbXAz+HnwfHHOSRR15mPKkFEHP6/locANo/8v4/BsCX5ouTXVK88T6mWpFHXsnyDAeA9o+8zF+c7JLjjaexJI+80uUZMQC0f+RR/MlL7QDQWJJHXunxkAVA+0cexZ+8lA4AjSV55JUsr572jzyKP3lJHQAaS/LIK2lePe0feRR/8tq8ZHtwIo0leeSVNK+e9o88Tg55bXidOnWcRWNJHnklzaun/SPPYLbj5JC3licRwrNpLMkjr6R59bR/Zc8zS/8rFwkKc7JLn9e3b5+hVVWV/0llPNq3b988cOAgzWkMHjykzVD5OfLIIy99nhQCchL/h2V0o/0re/H3KzkAln7CEU52efCCwcBJqVYiEiOwaoP152kcHBzFNyZPmuK0k3AE7V/Zi7/Z78feATDeHDJW/xFOdnnwxHgc40vdSYwOAAdHETsADscIR9D+lbX4B4xuv5W2pf+NNweN1X/Y0luYk136vKPpAHBweG9MmjjZKV7gCNq/suUFjbHWAXDyFKotDkCYk102PDoAHBxl4gDQ/pUFL2TouekA+J3OCIIWB6CGk11WPDoAHBxl4ADQ/pUFz9Rw0wGotNv69xsegukAhDjZZcejA8DBUeIOAO1fWfDM3XvTAQjYiX+F4R1UWc4LONnlx6MDwMFRwg4A7V/Z8CIWByDoFPRndQACylWCONmlxqMDwMFRog4A7V9Z8UwHIGSr58YPVVhyBCn+5ctL6QBIkRE6ABwcHnUAJEXwSNq/suJFlGL4LA6An+Jf9ryjfanLjcarqqpi/z8qY7IrEJMKgbHKysro3Dnr0RBzcORwjKkfg524OL5zyYaN+GtS5Ot42r+y4qll71kcAIo/eUf70qw1Pnz4CBppDo4cji6du6TdK6C6OngC7R95SWMAfGm+ONklxzval2ajkZqaGh4RcHDkaMyYPlNr52uXdqMgiwNA+0de5i9Odsnx+slY7cuga9mUyVNprDk4cjAGDBiYaZfAhp49ewyj/SOP4k9estfWvgxblvbq1buFxrp4x/rrbaAhVmP2rDnarFmz5b8yZs/RGL9R/PctGAxm3CJY4gQ2o/0jj+JPXrLXSb4M+5VXtK9oXm/u+jTaBRqYezSFGTlylDag/wCtR4+eWseOHWMiHq0SPBZ1EIe4BHO2hkKh1s6dO8OZ0wYPGqwHnk2fNoPzW8Axduy4jMXf+P4eRftHHsWfvGSv2zMRf3OMEvGh0c7fufCIESN1sYZwy32KZyAOtgNR5uJMxPv166+NHTNWmzN7Lu9Bnka3bt2yIf4YC2n/yKP4k9fmJUbiQzvjEQgEmg4//HBto402sjVC4XCYwYA53AoeN2681rdPX2wJt2Z4JuzauUtwCOK1tZ1jQwYP0aZNnc77k6Mxa+Zs23s0ZMiQZfhe9urVS+X+vkb7Rx4nh7x1Xp06dawWYxG1Mx7jxo1bpsnr22+/hfG3FQcKQvaLvPTt21dDvYV0xDrb4p+M16FDh+jAgYP0XQnes+wNHMPY3YtXXnmlKRaLaTvvvLPK/V0FX5/2j+KvnP3HyS59nmztznYyHvvuu+9yzXhtvvnmtuLQv1//VhrvzAa22IcNHSbCGm7NtljnmIedgThiB7BjwXuZ2aiuDqW8F3I08B3Ef/Xq1doZZ5yhen8H0/6VNc8s/a9cJCjMyS5tXihUfaCT8bj22mvjpgNwzz332IqDbE830vinN2bOmKnV1fXTUG0xD2KdU14wEIwOHTKMWQZpjgnjJ9jejzPPPPNbiP+qVau0e++9V/X+bkv7V9bi71dyACz9hCOc7NLmyfn+5U7G4/XXXzf1X2tpaZEI8x624jBGAsVoxN0F9PXp0wfb/PFCiHUueTi6QKwAM0TcDWRx+FI352peunSpLv4Yn3zyier9OIn2r2zF3+z3Y+8AGG8OGav/CCe7tHlioJ+2Mx7y97GGhgbN+jr22GNtxUG2gVfTiKtt9df1rROR9MeyLdbIDJAgsdXz5s1r3GOPPaLHHXecNn/+fO2SSy7RrrzySn1cdtll2nnnnaedfPLJ2v777x/faqutmkaPHr0qEok0ZduZqKoKREdK1gLvu9pzkSrWBvM+d+7cz0zxx8BOQG1trcp9uI32ryzFP2B0+620Lf1vvDlorP7Dlt7CnOwS5YlB/9HOmHfv3v1XLeH16aefOolDnAFh9gP9E5B7nw1xlVLMzZtssknjP/7xD307+OOPP9JWrly5VhxwVuz29dtvv2kvvPCCOAwXa7vuumt0wIABjdlwTjp16hRj1Uj7MVTiP+ycuwcfXLTKKv64v+IUqNyD92j/yo4XNMZaB8DJU6i2OABhTnbp8vr06TXIyZhvuOGGPyUTCBgcO/Hq379/lMa87Zg2dZomK+xoJitrOFiTJk1qOOecc7S33npLFwAzICxxZZiO+OOVjPfFF19oN910k/bHP/6xRXYYWjI4Roj3k1gHxgckHzU14ZTz17lz7Q/J7u8hhxyich9wzypp/8qGFzL03HQA/E5nBEGLA1DDyS5tnmwzbuxkNGR7uCGZOCxcuNBWvGR128BgwHUHzsLbt2sfS1f8x4wZ03D55ZdrP/zwg6NYZ1v8E3nNzc3aQw89pO24446tTimKqT6vNKmJTpwwkc9GQtqn3fz97W9HfZ3sflx99dWqzlg97V9Z8EwNNx2ASrutf7/hIZgOQIiTXRa8I50Mxv33359UHH7++WetS5cutuI1dsw4GnU9un+WbH3XxtKKppeiPwcccED0vffeS1ussy3+yY4LLr30Uq1fv35NbgMIsZuB0sV0FtcMVHZMNX84Mvryyy+T3g+pCaBaxGln2r+S55m796YDELAT/wrDO6iynBdwssuDd72TwcC2bypxOPDAA2zFSwKTyj4YcPy4CWuL+LgRf6nP0Hz22Wfr4ppNsc62+Ftf8Xhce+CBB7QJEyY0uf28EhsQR+W7cn5WcCQiEf4pnSc59vks1f3AvXLaQcK/BwJV59P+lTwvYnEAgk5Bf1YHIKBcJYiTXQq8N+wjt6uaYNRTicOrr77qYHTaxcrZqA8ZMlQza/SriqEE9LVA+DG/uRTrXPMeeeQRrb6+vsnNMYc8b1E0NCrX52WEBIba7Zzceeedv9vdj8GDBzsew1RVVT5M+1fyPNMBCNnqufFDFZYcQYp/+fAQDdpg5wAMHz78JydxmDx5su2qQ0rExsqxbn9vy1auivijvv5BBx0U/eWXX/Iu1rniIRPh6qsXoGpds5vGQ/Wj68vSAZDg0JTPi/TZ+Lm1tdV23rfbbjvHGAxJOf2S9q/keRGlGD6LA+Cn+Jcdb4STMf7zn//8s5M4XHXVVQ7531Wrym0bt0vnLnE34i+9Fprefvvtgop1Lnnff/+9tt9++8VcpA/Gh8ruSTk9N0iNtHteDjzwwE+d5v7UU09VCcCMjRgxrAftX0nz1LL3LA4Axb/8eDs6GeKLL7641UkcVqxYgW1rW854KWtaLgVcZBUXUxV/Oe+NnnXWWfFoNFqy4m/lPfvss1rv3r2bFZ0AbcCAgWXjAKDLo83zEpPgP8eH5O6771YKwJTnbhrtH3m+dIWfk10SvDOcAoaeeOIJJXH461//amvIJVugoRzEPxzuEFUVfymso7zqLwXxN1/Lly/HzpJjO2Nz/pAhUOrPDsokS6BoyudFjuI+VbkHZoEuhedvT9o/8nwU/7LmPeBkfJcsWawkDi+99JLTuW509qw5JS3+HcIdlFf+yJ13CvIrRfG3vnB0JPMS9SnUDRhY4jsBo0aOsn1ebr755h9V74MUaFI5drqQ9o88in958760M76SwrfCjTiMGjXK1pkYNmxYvFRXb5KypyT+yAg4//zzPSfWueK9/PLLeM6aVbatBw0aXLIOwP/X02gr1hJD8xsacKm+pkyZopJt8jjtH3mcnPLldUCgld3Ka8aMGT+6MeYXXnih7UpOophXlWK0f5cuXZUC/sSQty5atIjin/D65ptvRNwHNavsnCBNrvQ6QU63FWvpw/CRm/ux5557qtRdWEJ7Sh4np3x5M522XSUl7Xc3xnzZsmUQOduVXKnlePeRwC0V8e/QoUMLKrVR/JO/fv31V6STNjutXLGDMm7s+JJ6hhDoaCfWH330UbOb+3HBBReo1l2opT2l+HNyypO3v9O26/XXXx93a8z/9Kc/2Ypht27dG0uprr+K+GOL+3//+x/F34G3bNlP2pw5c1qcxAuZE6XSTRA7SKFQdcrPKw21Pnd7Px599BHV3hJzaU8p/pyc8uRd4SRebkULL2QN2ImhNMJpKYUOcAjaUhF/KW/b/MEHH1D8FXk//fSTNnv2LMeiQVWVVdHp02Z4/jkaM2asrVhfccUV37m9H99++61qV8mDaE/LU/yVs/842SXLe8Fnnyfc6lR1LNkL+exynmu7jTt82AjPi79KeV+U9H3nnXco/i552AmQXgKOtQJQNtjrToDsiKUUa3mWVjY0NKR1P6TWgkqdhX/RnpYdzyz9r1wkKMzJLkneb3biVVdXtyxdY37aaafZnkFWV1ev8KrBHqy47Y/mPy+88ALFP00eOk3K9rejE4B5njRpskc7RM60XalvtdVWH6Q7f5tuuqmKA/A87WnZib9fyQGw9BOOcLJLjtfPKdp6iy22+CFdY45iJIFAwNa4ee0MF6l+Lmr7x++44w6Kf4Y8dKGU9MoWn0LvgFGjRnvOAUBao902/Ztvvrk63fk75phjVByAX2lPy0r8zX4/9g6A8eaQsfqPcLJLiycGcxunaGspT7s6E2O+5ZZb2Bq3nj17eiYYENvMEsWvXOTnvPPOo/hniYc6AWYrZZ9D0ap+df10R80rwX/BYDDlZ5LmSV9lMn9SOEi150If2tOyEP+A0e230rb0v/HmoLH6D1t6C3OyS4Qnq/PTnfKEH3300YyMuTgQTqu2Ji8Y6xEjRupR56rif+SRR8Yo/tnl3Xffffoq36dQMVD6MESnTplW9M/V2LHjbL8fu+2223eZzN+7776r5ADIvG5Oe1ryvKAx1joATp5CtcUBCHOyS4snwVN3O6VaLVmyJG1j/vXXX2Pr1tH4TJo4uYiLs8zUOnfuHPcpVKgz5++www6j+OeId+utt+rtklXuB96H/gHF7GD269ffSZhbIeLpzl9zc7PeW8Bp5yQYDJxEe1rSvJCh56YD4Hc6IwhaHIAaTnbp8cQwfGwn/hKktzpdY47MgfXWW89R/NEfvljP+gcOHNRmxekk/hL4GKdY55Z37733QtRiPsUWy7LFHh07ZlzR9o5AnIzdd0QCcX9vampKe/7q6+sdj01kMfBv2tOS5ZkabjoAlXZb/37DQzAdgBAnu/R448eP6S7GstUuQE9q+v+QrjHH+bdz5HZVIwxgsRnl0RJIFggEoz7nfuprxQbHAzfccAPFOk+8559/HrtLrQq17teO2trO8WIMOh03brzjd+Xggw9eme787bLLLprTsYk4VG/RnpYkz9y9Nx2AgJ34VxjeQZXlvICTXYK82tpOs52KhOyxxx4/pWPMkfNuLQWcYsTHj5tQdMVYwjVhpTNmq9h07dq1GV0QKdb55b3//vvipI5sUSx3u/a56969hzZt6vSievb6WkpJp3j+4g8//FA8nfk755xzVJ7nhtmzp3eiPS05XsTiAASdgv6sDkBAuUoQJ9tzPNne39/JWC5YsKDVrTFvbGy03XI0hxi81mKJwq4fPQYNimJO26TJxH/DDTdsRtU6inXhKgZKoFxcUfzbOAJTp0wtmiOnUKjG9vmTWJRVZltuN/P38MMPKz3P8t9htKclxzMdgJCtnhs/VGHJEaT4lzBPjMCFTkbyv//9r2tjfsQRRzgaX3E+GgsdmIUyxMOGDZfz4Wql1LJEYxkIVLVeeumlWjwep1gXAQ/BgZKi2erCAVh7f7t17RofP77wu1FTJk9p48QkPn9bb731Crfz991336nGsGxHe1pyvIhSDJ/FAfBT/MuC97jTliMMjRtj/p///MdxFSb/XtAGLtOnTZegqn7rpPS5Ff+ZM2c2ff755xTrIuMtXbpU6k5sGXMj/uumDnaIos1wIeNSBkngqdPzJ7EmUbdzJ42oVAImT6Y9LTle2E253wqKf9nwvrczjnKu/Ysb44s2rn369HE0utIfIF6I7VXU7a/tVBtPVxwwcNYvnREp1kXOu+eee7RevXq1puPc6Y2qJPNDfl6bOGFSQY6kkDprd32S1dCIRj9uXnPnztUUAiZvpz0tU166ws/J9iSvm5MASgrfUjfG989//rOjqEpxlkYYuHwZ0wnjJ4oQ9FZa7duJA9LIjjji8Njvv/9OsfYID/9+8sknI8Uu5kb8kxxXRQcOGKjls9nQjOkz9CBau+ubNGnSctXjJ8zTQQcdpPJ536c9JY+TU/q8eU4iKDXEf1U1vrfccotKpbEWFNXJtfFEQ5j+UvxFzuhdiX4ycRAjHN95551aP/74I4qrR3k4/95zzz3XFg9yI/6JA2Wgh0gTqHw8x9ixcrq++fPnN6vOn7QTVvm86LdQSXtK8efklDbvCCdjd/fdd8dVjO8333yjVO1v5IhROdveRzqhFEuRKOpQNI1o8DbiLznR8R122KFFmrBQXEuE9/HHH2s777xzvLLSH09H/BNHONwhhkJR06bmrtxwzx49ba8vWZXAVPP37LPPqn7eMbSnFH9OTmnzFjoZOHTyczK++PP666/vaCy7dO7SlN32qbM0BGv17NkDW7zRTI25Kf5g/eUvf2lFHQOKa2ny3n77bdS3wLFOLBvOIp67mppQFA7oOKnrj+ySbD3ns2fNwU6W7XVIq+QVZpVAu/n78ccfxbH1q3zenWlPKf6cnNLmve6z763eZDW8qYzv+eef72goxUA2wpBlWi51TP1YvVhKqDoUzWQbN0VsQtMJJ5wQR9tZimt58JDFIfdcbxqUifgnPn8yYh07dtJ3BxBEmGnMC0oY+5yrBDaozN/gwYNVPt9ZtKcUf05O6fLw9w12xm3IkCE/qnQZU6n2N27s+LRW+KNH1euCX1NTAwMdTyeAy2mMGzeuAeV7kcFAcS1PXkNDg3bNNdegeFVrpuKfYps+Jil4cQQSjpeSv+nsEPTp7ZhdE3/qqaccP+/222+v8r14gPaU4s/JKV3ecCfj9oc//OF7O+OLLUeVan+SStWi0m0Pq3usmLp27QanojVbxjdFIFezrJii2OanGJJnfb322mvafvvtZzqdOXn+INYSq9Las2cvbeiQYbJLMNGx7gCchurqkC1XnIzVcGTtPq80qlK5vi9oT8tH/JWz/zjZJcP7o5NxO+ec+Q12xvKoo45SqPYXbLCr9jdzxkz8rrSLtrgxvvLeqBSIaUIXObRHpRiSZ/fCrgAqC2688cZRSSGN+7K885SMJzUmbOtjoGW23e/Cv2277bar7T6vBPYqOSgyamhPS55nlv5XLhIU5mSXBO8MJ2P02GOPpjSW2Gp0Mnqy7elY7Q951bkUfzHcsQ022KBh4cKFWmL+PsWQPNUXeg0ghW7WrFmtyA7JhfhjoIyx027ZADlGcOJde+218VSfF4G9KtdXUdF+Bu1pyYu/X8kBsPQTjnCyPc+rkvGtkzFavHhxUmP522+/aX37OnYt0wYPGhx1Lsk7I+viL1H8rVtttVXjjTfeqJ/rUwzJyybv66+/1v71r39pm266aVSOqqLZEn/8P44FVKoEStCiLa9Dh3DTp59+kvTz4u/k9zheX1VV5U20pyUt/ma/H3sHwHhzyFj9RzjZnuft72SMxMAsT2UsJY/a0XhITYAGlchnFQdARfx79OjRcOCBB0YfffRRLVk6FMWLvFzw8N9FixbpMQPyDDZn6syqOABmLwvZ3bLlTZ06dWWqKoFTpkxRub7W7t27jaM9LUnxDxjdfittS/8bbw4aq/+wpbcwJ9ubPL+ML33OjW5+TGY4cCaqsHJoQRlTNUM2Iy1jKQFazZtvvnkDtmU/++wzipcCD7sh//vf/7QnnnhCu//++7U77rhDu+uuu7RHHnlEz4v/5JNPtCeffFKvoX/77bdriJXA/7/33nva8uXLKf4KPBQauvzyy7VtttmmVbbzW9w6s6oOAAa6WDrxzj333KStvOGwqHzfpP7ADbSnJccLGmOtA+DkKVRbHIAwJ9vTvN1UjNGDDz7Yxmig8UinTp0cxXrUyJFx9a58M5TEX35v0xZbbN4oBk1744030jLo5SRe+LnHH39cIr5PRetYrV+/fi1rzq7TP7OWPvSt0hsifvjhh2s333yznkNP8bf/eWSZXHbZZdof//jHVgnwa3TayXLjAGDICt2Wh/4XyaoEwhHE+52dE3+zPDf9aE9Lhhcy9Nx0APxOZwRBiwNQw8n2NA/bPO85if/QoUPbdLvBVuK8efMcxbpLl66N7tryzrDlSSlejRX51F5YqZ999tkIVIubYp+raHWTN2zYsBgcArSAbm1t5f1w4GG3Cvco1f1w6wDMnjUbjYps76903lyV7Fjs0EMPVd2ZuIj2tCR4poabDkCl3da/3/AQTAcgxMn2PG8rlW1IpAklC/xzEge0J4VBytQBsF7f8ccfR/G3eWHL+ZRTTkF1t6gvB0WS3PAk7iOGhjtwBuyuvdyPETA/qe6HWwdgTZXAsY73F85hssyGcDiscn9XyehMe+ppnrl7bzoAATvxrzC8gyrLeQEn2/u855y+7H369EnaXjSVA2DloQa6W+OV6AAkXh8cAIr/ui+8R9K8EMiVUYtbXw7rLkjxp9hJJ52kffXVVxT/BB7iKlLNXzoOAIbMt+39SOYA4HXiiSeq3t+TaU89zYtYHICgU9Cf1QEIKFcJ4mQXM2+yijGXfPmkli6ZA2DlRTp0+DUdw2V1AJJd3/HHH0/xN17YPsZ2O9rR+nJXoS6rPKkFoUnxJakp8ZgWjUYZQCj///zzz6ecr3QdAPTZcOsA4PqQ6ou4HoX7+4OMAO2pZ3mmAxCy1XPjhyosOYIU/xLgyZf6NidjLlu4q1paWjQVByBRHGprO/2ciQOQSmywiix38X/llVe07bbbDnMUz6VY55onZaPjV199tf4slfOxzgsvvJB1BwBlgt04ANbrO/bYY1Xv7960p57lRZRi+CwOgJ/iXxo8CQirky93q5Mxl+CkllQGzeoAJBMHWUWk7QDYiU06DkCpiP/TTz+tIeq+EGKdS55kJMQvueRivdRuOTp3hXYAEq8PhY1kV0nl/r5He+pZXthNud8Kin/p8CSX9wInYy7V85oSS+UmcwBSiUMk0mFZug6Andi4dQBKQfxffPFFbc6cOfFsijWyAqRRjN5RbvDgIdrIkaNkRT5GHyOGj5B+8gO0fnX9UL1RGy755UOHDtPQua5Pn95I/8PPZ92Z6N27d/zKK68su+yBQjoAqa7vsMMOU72nG9E+lzAvXeHnZBcnr75+ZDcxur84reSkM95qO8MGB8DOmMsKIi0HAAWD7MTLjQPgdXFAbrYUN8qKuELwe/ToqY0cMVJ3sjLpRW+9V6NGjtZ69+otGR/VWXNOJE0tftttt2mpqtaV2s5OoRwAu+vDLkBiXYAUYxHtM1sEc7I9wguFqg9yEn/5uxgMgN0LVeTsjHl2HIC216fqAHhZHJYuXartvffetmf8KuIq4hGvk1U8OsZlQ/CdxrSp00W8B+vbx9k4RkB5Wohjqcd0FMIBgHPpdH277LKLyrOHANSBtM8Uf062B3iyEnzHyfhKU5PfnYwbRMrOmGfuACS/PhUHwKvi0NjYqM2fPx9GX7kdcqK4SjOaOLbp0U8+H6Jv5wzgGEGOkuKZxhD86U9/0qtOlmo2R74dAMz766+/7nh9b775purzdz7tM8Wfk13kvE6dOm6oYnyfe+45R+O2ZMliW2OemQOQ+vqcHACvigPq70vxHlfCbxV/6fYWQy34ObPnFlT4k3WqQz2Ibt26ZxRAiN2Ms846S3eSSi11MJ8OgPm8vPbaa0rXJ0GnCs+f/5exY0f3oH2m+HOyi5gnq8N/OxlfOX/9XcW4/b8DkJyXiQNgd312DoAXxf+LL75AXfi0A+okIC8+dsy4ohJ9u451ffvWoR59PN3PO3LkiPjjjz9WUnUDUjkARixN1hwA606M6QA4XR+aRKnsPImjsh/tM8Wfk12kvEGDBvSTL2qD08prwYIFMRXjtsYBSO1MpOsAOHUDTOUAeE38V65cqSH1TUqvxtIRQ4ngj0+aOMkTwp84Zs2cLal//V05AonHCHvssYdetKYU6gYkcwDMzyvZNFlxABLnDw6AyvXh3wcMGBB3uh9ytPgq7TPFn5NdpDypy3+0k/ijdj+MgopxQwyAHS+fDoDXxB8BWLNnz46nk0cv9RXiEz0q/Mmq1cERkOqA8XSyB7p16xZDq2Kv1w1IdADWqaiZBQcg2fwhBkD1+i688EKl+yEO3Wja59IQf+XsP062N3jypX3HSVykJ/gqVeOGLAA7Vr4cAC+J/4oVK6Qf+zl6kJ9b8Q/XhOUsfXxJCH+yHQHUI0iRkeIYQIgjFDSy8Wp2iNUBSPy8mToAqeYPTqjqC991WRzEFe7HhbTPnueZpf+ViwSFOdnFzRPPfLKKyHz44YfKxs2uG2C+HAAvif/777+vr/rdBsBJ3Iaeu49gulIU/8QYga5du6aVOig/F3vggQc8GSBqOgDJPm8mMQB285eqGVCqF7o6KtyPn2RU0j57Wvz9Sg6ApZ9whJNd9LzLnYRm7Nixv7oxboV2ALwk/ldccQVWcjE34o/3IY0OhrzUhT9xjB83QaupqUkrdRBChZ0WLx0TwQFIJa6ZZAHYzZ9bBwAxA4r3YzvaZ8+Kv9nvx94BMN4cMlb/EU52UfOqZPziJDjXXXdd3I1xK6QD4BXxR+761ltv7Tr1rXPnLlmr1ufVgR0PpDVKHQHX8zdw4MD4q6++6pmdInQDTCWumTkAqcXajQNgft4JEyaoOGP30z57UvwDRrffStvS/8abg8bqP2zpLczJLk7eDk4GE3X/zeA/VeNWSAfAC+KPvH4pyBNzI17Y7q8fXV/Wwt82UHC21rNnL9d1A5BhcOaZZ+p9BYr9eXnyySdTinV2HIC2z5+qA2D9vJdeeqmKM9Yiowvts6d4QWOsdQCcPIVqiwMQ5mQXNe8+J2O56667rnBr3ArhAMDo7L///kVtzLH9jHaqqL3vRvwRBJfvIj6zZs7SKwaiERCa/iAiv7dcR8+ePbUe3XtoPXr00MW3T5+++nHE0CFDdQcFpYXzfa1jx4zVdwN8LusGoJDN559/XtTO4h133J5SrDN3AJI/fyoOQOLnXbp0CY5mVLJXDqJ99gwvZOi56QD4nc4IghYHoIaTXdS8WhnNToYS/eXdGjcnByCTboA+m1Sw6urq6IcfflCUxhxCsybQT/3MWqKrtQnjJ+RcQKdOmSZCP1Krq+uLGgLG1npmLX1x7Qjag3MwZswY3aHI5WeAqPXp08d13QBxZGIPP/xwUYo/vkdDhgxpSvW8ZBoDkOr+OjkAqT7v7rvvrjL/r9A+e4JnarjpAFTabf37DQ/BdABCnOyi5+3r9GWV1d7v6Rg3OwcARkfy1X9ONzc8sQlOYoDUZptt1lxsxvzBBx/UunfvHnMj/n1lZZ2rIL+ZM2ZJG98RegneqqrKjGrx+1yk5omDhra+slMwJmefDUGCgUDQ1fVhDk499ZS07nEuYwj+8Y9/2N6PSCQSyyQLwOfQDtjt53366adVn5MBtM9FzTN3700HIGAn/hWGd1BlOS/gZBc/7ymnL+opp5zclI5xS+UAmMa3tjY9BwADW85OYnPfffcVhfhHo1ERllMtW/7O4orVN0QsF2l0gwYOWqcbX6aNeHwZdPWTAj8oVawNHz5Cd+yyvRuANsRur2+TTTbRfv7556IQf4iwrPCjdvdj9Kh6LdvNgOwcAKfPixbNdXV1KtUrj6d9LmpexOIABJ2C/qwOQEC5ShAnu5C8Hr41rTptjTly/9MxbskcAKvxzcQBwPmyMGJ2xly2npuWL19eUPFHgZQtt9zClbjibD2b5+cQ1qFDhmWtBW+2xD/Zz3bp0lUbLTEE681dP2uff0z9WDhfrq4PAoZOd4UuGiTxCS1281fbqTYjB8mtA6D6eU8++WSV5+Ud2uei5pkOQMhWz40fqrDkCFL8vcE70Mkgjxo18rd0jVuiA5BofDNxADBGSPEbJ2O+zz77RAsl/u+++67evU9VDCUqXRslwXbZEr4J4yfKkUMPfZWdbbHONQ+CXVfXT2/8lK1Kgl0kddLN9aFNsaS+Fkz8//Wvf9leH47Bpk2dljcHwM3n/eijjxQdvs7jaZ+LlhdRiuGzOAB+ir+neE86GfPzzjsvmq5xszoAycQh3RgA65B8eKdt9fh//vOfvIv/nXfeqTfxURUbrM6zIXZYOY8YPhK/O29inWuexE1kLQgSdQPgXLi5vkMOOURPFcyn+H/yycd6hT+760NgZaZHJKoOQDqfV2oCxJ3urwSJnk77XLS8sJtyvxUUf0/xOsuI2n05cWaNVrTpGjfTAUglDulmASSeaa85W09tzEVAmn///fe8iD/OP08++SS5Jr+yGGKlm2kZXxwZDJI0PdQJyKVYr6k9H9Ej+5ECKM12tE4dO+kBd7l2JuDUjBo1OuO5mjJ5ql5F0M31bbDBBmvjAvJRNGijjTayFX8JpIxnekyi6gCk+3nPPfdcx/sr3903aZ89zktX+DnZBeXt4fTlFA/+10yMGxwAO7FJtw5A4kB+upMx33nnnaO5Fn/k92+zzTbK4op/GyO565kK/wBZCYKVrZU6jiLk6ELbYYcdtHPOOUcvWIQ4EKfyuT/++KP29ttv69kOl1xyCY5fUD5aySlxc33IIhiRYe8DzBt2Ftw4Jv3794+jQU6uxf/SSy9xfJ6zESCq4gBk8v346quvVO5vvGfPHsNon0uDx8nxDu8+py/nBRdcEM00AM7OmGfLAYAQyIrOMer4tttuy5n4f/3111p9fX1cVfyxmp0xfWZGxnvggIHKwm8nrmsckTHacccdp9ecb2pqymrMREtLi4ayu3KcpBfdSeUQuN2ZgCOAAkWZOAIoXOSm9wJS7pBdkivxhwMVDAaidtfRSzIbspUlYfd7suHsTJkyJa5wfw+ifab4c7LzxwvIWOXkmaNoTSbGbenSpbbGPFsOAMbkSVPa1AZIHOIktH755ZdZF3+IG/rOq4pXr1690o5yx88NEdEyo9rTFf9QqFqbN29D7ZZbbkm6ss9lzATed//99+sFY8xYhUyOJbCdPzaDnZSJEyY57lJYr0/eGxfnOOviD4d51KhRLT77UtCxbGWI2DkA+Lyvv/56xt8P7CAp3N+HaZ8p/pzs/PE2dVp5jRw54tdMjduSJYttjXk2HQCMAbIi9jl3NGzBCjdb4n/77bdjxaa08sf/j5B893Q/32g5/0ZlvXTP1OE0yIpMu+aaa/Tz7GIoktTc3Kw7A9tuu63+2TKJIZCgUt0RTDdLALEMbnYmDjroIL3GQ7bmT3hxp884buz4rNZJsPu86O6X6f399NNPVZy7BhnVtM8Uf/Lyw7vEybidccYZzZmKw/87AMmNebYdAGwFI/LeSQwPPPDAeDbE6+yzz9ZT7FTEHytM1MdPN2itY8eOaQfUodDOIYccqn322WdF3RL5m2++0ebPP1scuQFpBxDifqBXARoEpfP89LUUmFLZmdh88821lStXZjx/yBrxKfSCyHahJDtnx3QAMr2/squhkg2zOe0zxZ+8/PA+cTJubnuBJzNuaxyA1Cu5YCD4a7Yr3U2bOh0iEHNayS1cuDBt44ZV33777ae8bR3pENFXmK4L+Myeo9e1T1cMBw0apC1YsEBDBkQxN7pJ5CHlDoGEc+fOTfuYA7sJw4YOSys+YKQEGIKlen+R7vb999+n/XkRYCnxDK12n626OhTPdtnkmTNm2jo7cACycX+POeYYlZ2di2mfKf7k5Z7X30n8pRHMimwYc8QAOImXlKVtyLYTMFxyvZ3PwEPRl19+ybVxw+faYostlMUBnfLcnvdDtBDljnLA6Yj/BOneh/axXmiJ7MRDNT5kIzjNQ6r7gfgAzIfbZwi7NdXBauWYhH79+sVQ/Mbt50WmjOx4NDt8tni6Rxt2z5j1yCPZ/CEGIBv396mnnlI51vmQ9tlb4q+c/cfJLirePk7i9Ze//GV5Now5gpoUBCs+pn5MLNtOgATlOUYfSx57C5wU1dcPP/ygTZw4Ma4q/oMHD0mrIx868aVzBj5l8hTtv//9b8HEOpc8iOtOO+2UdE5U7kcvccTc9hqYNXOmfvSiGpMg740hi0L18yI7QvoOtDrd1yFpPEdOw9ojIdX8IQsgG/cX5bjlGCqq8Dz3oX32BM8s/a9cJCjMyS4OnnwJb3UylgjKyoYxx1Yu2ssqnNs2QviyaeAQKS3bwFEncZD0txZcs9MLGREDBw6MqYgNzqHd5vdjlwBBjGuq1LkTf0k/1F588cWiEetc8j744AM9YNCXRuog5nbUyNGuz8l79OiufD9QPtj6/bH7vBKL4pi6it4I2RZ/9IVwmj/57vxiVzzL7f3905/+pDJ/u9Lee0L8/UoOgKWfcISTXRw8+YIvdRCvmGpaGL7sKPZx0003oehLfM6cOc033HDDOsYcqwhULfM5135fnu1ucFgRS4tXxwCkTTfdtDWx1Kv1hdxspPmpiA2C/RC05zYNrUOHsOvo975967QHHnigaMU6lzykXs6UFXo6qYNdunTRWyG7uUf9pFqji0DE+LXXXmv7ec8//3xHjohwLJtNoTDGjR23Nl3W5nlulfLZvybO+R133CGNmkavlKJaDfieI2hT9f6ip4LC3F1Le1/04m/2+7F3AIw3h4zVf4STXXgeGm84GUtZsf/stA2O1DcJgotLtbjGRF4gUBVHOdzEuvgqAVySFfB7NrvArUmdG6UkDn/+85+jyZwA9DZHZoGK+OO82Y2wYHUpXedcp76hb8DFF1+sWee5nMTfyrvjjtv1YEe3zhPej54JbvsIuCkadPrpf0/6eRGAiqMvJyci2+f+U6dMRZVHJ/FHBtBXifON4wrUIEi8TikJvUocgtXXX3+93r8g1f1FoSyFefuU9r6oxT9gdPuttC39b7w5aKz+w5bewpzsAvKk+MuBTmLzt7/9bXWyqPdjjz02LlvgjU7GQ7ajkyZGn3TSSUoBXNIKd3m2tzyxelMRBzmPjVrbBz/xxBN60RcV8e9c21lzE6WNVT+K4LgRf5To3WvPvbTEI4tyFX9rAZ0zzzwTgZ2uAybRIdCN0zZWVtCpuisme55RXdH6eaWAUMxJ/Nc44qOyHPE/Sz+ecPr+ynfgk1TzjiMwp88rRa5W7bXXXo3Llv3U5v5KoGRU4Z50o70vSl7QGGsdACdPodriAIQ52YXnyer8BiexgeglvpCSZXdmKCvS+MYbb6znxS9ZsmRttLy1SApWq9azWzueNMdZle2I59raznEVQZC0u1ZUx7v77rsRjKck/qjsp5puhh0OMYSut63Hjx8vK6xPPC/WueQtXrxY9ax5necP2Rb1o0e7PFpSK2eMuIMLL7xQP6qZNWtWo8o1wWHNdjyMOJuO4i/P5ecozGR9YVcM84sX5vef//yn3u8Cgap2vMsuu6zNvRPHQOX4ZFva+6LjhQw9Nx0Av9MZQdDiANRwsouDJ8boQ4f+4knP/3Heas2LNgX/9NNP17fIUVkP6UwwckceeSSq7WHLXJp89IyZpXfxQsEU1JxXCeCSCPqGbBtBpP75stziFoF7yqllkybr2/duxB/vT9WTnuKfnIf2zzgWcHt/3WQKoI8DehH4stwSuVvXbhl3O0zi/Dpen8QbfC/He9HEKn4SL4GuhHEp5tOA7/aiRYv0uhKYc6Roor/D1ltvrcdVWHl4X+LLKQ5gjTNWdQHtfVHxTA03HYBKu61/v+EhmA5AiJNdHLyRI4f1li+nbSqO5CP/ksr4vvzyy+LVX6rn9ELsUeTnrrvu0gV/3LhxsVR1+HHeaX19++23SL9TWVnH5Yy2JduFT2TlFs2W+KPegKoRHqhH+Ku3CMbfI/89VUAmxd+e19jYKG2ZT07ZLCnV/RUBUi63C2ehgxR5ypb4S6OheLZjYNCy2en6ZNW94t13323zoF111VUp6xLAITj88MN0G7B06RL9OUVdDfzMM888k/SeYAfL51yu+hna+6Lhmbv3pgMQsBP/CsM7qLKcF3Cyi4QnK8lNnIzRrrvu+puK8T388MMhZnEnnmwTtiL4J/GFXHVsSSoYy1Y5c41nNxBqGn5fNBPx12MdRo9R+n3Tp82AYXclDjDacLTKRaxzyUNFy0mTJrl27pBhoSLGiPtAHEGm4i+7U/FsZ8H07dtX5fO2ys7d0lTtfCX7Jer0/UCczIknnhhVuR9SK8GJ9yvtfdHwIhYHIOgU9Gd1AALKVYI42XnhyZfsUCcjJGVj4yrGF1vpKfKso7Nnz27G0cBzzz2nmeeJX3zxhV5VDHEA1uhtnKMqrISb0q2hbxcNXVmZfCdARfzHj5+gWFJ21Dotd53EAX+39957a4nnsBT/zHiIRUHaHZ43Nyv1mpqwplKfAjs8vXv3zkj80ykVbTcGGo2xnD7v/PnzP7fOFb6jcNDNozvMHf7/3HPP1fseoO12Mh4CI1XqBsjRYdzp+9atW9d62vui4JkOQMhWz40fqrDkCFL8i493tZMhQr67ivHdd999o8kE3+wjj6Yz6Dgn6UGtkia0NvDpqKOOWoeHlqoqxlKMS4Pb3HqVM9xwTTjqdmWo0s0P8Qbdu/dwJTYSL6G99NJLZS/WueShmuC0adNcrdQhbEOlp4BKcKe5E+BG/FGON9srf7SLVnmeJSivTe3igw8++P/jEbp1a9xll12iOLs3W4Njqx/f9bPOOkscgs2wu6WnyG6//fZKbRFxLOP0fZM534b2vih4EaUYPosD4Kf4Fy3vZQeRjVpXnk7GF3EApuDDOFx99dXIpW+VYKCmVCtrNHdJ5B199NFKhlJS4FZPm5rdaoF6RL5EXONM08lYQghGjRqtlN6HRjSq4o//33333dfOJcU6tzykeUqeux7A50asUZHPSahxHNBV3qcYYxJHAGk2A/6sfTCcnr/111//w2TzJA5SylQ/qYjYhHoZ//rXv/SKjJhP2Ay0llZ9mTVBHK7vBNr7ouCF3ZT7raD4FzXvd4f0t1/TMb733HOPUqOW7t27Re+88442PGw57rbbbqpOwEp0+8t2nYDp06brZ76SDhZNNEbIvUcbVqdccT3Qb+AgV13k0KY3WdolxTr3PGxrS1U7VymDSBccP26CUjfBYLA6ZYEfZBvgmcv2c4zfqyL+Uuzr41SVL5HyK7Yg5rQzhoDWG2+80fW9+Pjjj1W+HzfR3nuIl67wc7LzxuvmZNzkfO/ndIzvoYcemnxrs1Onlj/84Q9x5AO/8cYbOgdRwCiResQRh2sPP/zwOrnG6LCnYoTl2GHljOnZN56miGOXAVHg0qBIGv9MUgoEg3PQqVOtq2hw1T7yFOvc8bDrgh0oN1v22AkaqLhyR9rnsKHD9WY+qCII5yHbLX3dir/UrPjczOu3ij6O52699Vbtp59+Whu3g61/7E5JMGHSctrbbbed6/uBioIocezw/XiF9t6bPE5OcfJmOBm2E044oSEd44so66FDh66S88JmCP7ll1+uvf/++2tT/mBE/vrXv6KKWDQh9SiOssLmq6GhQa/trhKdLwZkVS5WUOmMMfVj9WIvquKPrWfVlRPFOj881LJAMSc3qaEohIO00mJ4BhGXovL8yXn9NyLw0cS0XGsKL947ZMiQVeIQRB999FF9ex/zhu/0VVddKbt1u+oV/aQMeAt2UdK5H8OGDWt1iMH4mfae4k9e9ni7OBk3NPTJhvHFljYi2fv37x91OFOP//jjj+v8LKKIpeJdXCU6X7Zjsx4T4DZ+AEcDbgIIR4+uX1spkWJdXDyUE0bdBTepoWsqCI4pqPhjh0Hl+ZPofXn0lrQkfm48j/gu2jjb0SlTpvx+6qmnRt95552s3A9UElQIwOxAe0/xJy87vOOcVjbIO8/U+H733Xe6MbEzRpLy1LzRRhutRqndZK9ly5ZJsN0ox1Qh/L+czzdkO0VQNY0QjX9UxR/bxsccc4yW2CSJYl18PGSvuK3wB0cw2wV8VMbgQYOVrk/SH3+QLf3GVJ8ZVft23HFHNPaJ2fFQRAsZPpnej8MOO0wlAHME7T3Fn7zs8C5zWtl89NGHGRtfZANgO9FqPCKRDk0i+A2oh/7WW2/pXAykHF500UWaHBtokmqkWY8D8GfZJoz51PLym8eMGRvPl9FFSpi1GYzT9aFEqlN6H8W6uHgIVJNy1q5iOlRrBmRr1BntiRXE/yf5PKsTV/3SMyG61VZbtaCrJFb2pnOKrf5LL71EdwhQyjuR5+ZZTnU/zjnnHJW4i41o7yn+5GWHd5fDtmYcaX3ZML7SM7xFAodWnn/+edorr7ysB7ohyM8UfDQEkrPINkV4TjnllHVYS5cuRWxBTDGPPipBVq25NLgo1AIxd7MyRL8ElUA/inXx8RAgiIqXbir86TUDhgzL+dGTSnlfQ/yXSe2DNg8gOhQmXrtU5myWQNxm1OZ49dVX9OcW84fvLdL+DjroIL0NeDbuBzgKAZe70t5T/MnLDu9puzPNcLimMRfGF7XBUwl+4sDWayIP1cgkZSmmWrSlX7/+DbkO9FMRf7z30ksvpbiWAA9HVRLg6qrCn2TAZL24j9l7oKMUDlJd+ScTf7yS1fhP5EnJ3uatt96qBbsh2b4fOG5UcAAOpb0vbvFXzv7jZBec967dl11WFMtzYXylqEir3ZccvcNlt6AJKwLr+biVh3rk0kEwpmp8ZZW+PFupVuD06tXbVblgtPpFxTmKa+nw0BUPRazcpAuifgQcx2z2sKgOVisdi6Gzn5zVr071+fBdu//++/VVvXRNbMLORSqexONEs30/cOSgMId/p70vWp5Z+l+5SFCYk11Q3pd24iUpPb/mwvhuttlmq5MJ/s0336wHDOKF9yNzQJqJaDNmzIiJMxLFNqSVhzNLcSbiqsZXDODyTAsGIWc7EAi6En8pfWxbx5/i6l0ejrH+/ve/rxP/oTK6deuul4bO5FkcLRUoxaFQEn9p+vWNpPa1eQil5n+r7MStFmf69+OPPz6KlsnmPH3zzTfav//9b+2AA/ZHCmATivyYvKlTp7Zk+37AqVeYuwto74tW/P1KDoCln3CEk11Q3lI74yHb7D/nwvji/5HzDuNiFfzHHntMEyOklx1F/EGiuEqOdSyRhz9vuummyk4AmgiNGDEy6tbYwlijsYvPRaMgRI27PR+luHqThzr4KjUDElLptHQCVbED1duyA6VQ5OcLSa1NumKXM/6WxOuTn49JsOMKKYYURSYA0nLxefFfHH2ghodKgx+39wPxPQrzdzntfVGKv9nvx94BMN4cMlb/EU52QXm/2hkPMQLLcm18UVBEtlFjspJxzPOXOuWxZDyswvbYYw9XxleOBFbMmjlLyeCOGjkaZ6cxN+KP3H7TuaG4lgcPzzJiW3wuW0pLLMFyNKFS2oGSjpPmlr+K+NfX13+SWOHP+tpyyy0dy/sGAlWx9dZbr/mXX37J6fyBr/D9vZb2vujEP2B0+620Lf1vvDlorP7Dlt7CnOwC8OTL9Iud8ZBtwWW5Nr6IJLY5L42JAVt15JFHRnE2CQOBwiyvvvrqOumB5gvdB90YXwnKa5byrc2pYgPQwKdjpGPcjTFHoN/f/va3tASn2MUQ5WCff/557ZZbbtHOO+9cvVwuqjkiZROZDXJUI2VuJ2njxo3Tx+TJkzXpCqmXN5b0MtlKPkCTwjH6PUeZ2XfffVdEc1nJORNXXHGFXgzIzTGRjJa63nUNqYIEcXTVXY4N3GSbSEnej5Jd6/fff6+99tprekYDnOdnnnlGO+200+CIx+3K8Z533nk5nT/U+nD6/lZVVd5Ae19UvKAx1joATp5CtcUBCHOyC8eTL/gyu1QmN0cA6RrLl19+GUIfNdKlYtKIZSW2HtET4Mcff9BF//HHH9PbhcoqJI7ViG9NA5YYegkkviTdUP83N8ZXfm9Tjx49GxGchTrtI4aPRLRzzO1KTrqi6QLp9ZUw4hVQzhVCtt9++2nTpceCzIer1DfVnRg4TFJTXncgxNHTEAeC3hCqxZGK1XlC3rw40K4qQhrva+7RvcfqsWPGaShmhXK+0hwKz2Lchfi3SFveL5JdF+YWza2MjAC07W6B4/zss8/qzjV2MR577FHtpJNO0h0Cc+cLhbxQAjiX84eYHqfnRb7/C2nvi4YXMvTcdAD8TmcEQYsDUMPJLixPgnqW2hmjAQMG/JIPY4kv/osvvqj3FIf4YEWC/H8IvlQIjKW6vlQpdchRRslht8bXrXhZeVtsgSY+Kzwp/vg3GHfkgUPs3aQ2Zmv+EnlwONAICqtOrFbt5qJYd07wLKPSo100fbbnTwT7lyeffDKl4/7AAw+k5Ml3DQ5BM757CAbE7kBjY6PU7XhFD9DL9fyhYJjT5xUHYAHtfVHwTA03HYBKu61/v+EhmA5AiJNdeJ4Y+o/tjJEY4ZX5Fi8IkIKxjMtWc1OyYwDzhQJGch4bz7V4degQ1oMZvbZtjZXg+eefr82bN6+N4DuJjUSNayNGjNCkkqNerRElXLFiRCU3VHa85JJL9IE/4++we4P37LrrrvrPSAqZznBzP+AQSM95vTeFtc+8F2IIRJCRVpdz8Zff8fnixYtb7a4Hn2WDDTZAip9j9sDWW28dz+f84WjP59zr43za+4LzzN170wEI2Il/heEdVFnOCzjZRcATw/+anTGSL1xrPo0lfj6FMYpL18AVkp/cfO+992qqwUi4DrQdloJG0VwY30022UQ/T/WK+GNbGqs7iLfK50Xhmg033FDaNB+hXX31An1nBoGN2bo+sBA9f8MNN+jxBHAO8Dt9Cq13ZXdIP6L4+uuvPRFDgPgJtMi2ptJlS/xlPlpk/r5wc53YbcMxG+JVpNFWI7b6k30/VJtUZWP+HnroIcfPGwwGTqK9LzgvYnEAgk5Bf1YHIKBcJYiTnXOeOAAPOxkjpObk01iKIWvu2DHSIDUIVkrQWPM999yjZRp9DOETwYhmS/xRAe6+++7zRMAaHBTUT7CeR6cacmyi7bnnnrogo9JboVbWaCyDlf4+++yDdtEOZ8IB3RHDNeM5Kfb7gdgKBEhmS/z79OnztRx5NWR6fT/88L1eBOjYY4/F9TVK3YDmQw45JJ7P+YOz7uzstNuD9r7gPNMBCNnqufFDFZYcQYp/EfHkS3a5k+FBcFCppG7deuutyIluSdf4yhlpIwwkjheK+fNidQdjjpQ0VJ5L9bkgnpIGpkfl4/y1WO8vzp9Rplaa1OjXnEoccKxw8MEHa//73/+KeicG/12wYAG67KUt/qFQ9e/i2C0ppWwT7DQpxIisT3tfcF5EKYbP4gD4Kf5FyTvayfiIiKwupbxtpD7hfLp79+5NqsZXCvqskgYwPy5ZsrioPy+ub/78s1HBMeVOB4oTISXvrrvu0n/Ga87dqlUr9eJKO+20E6rbpTzWQUoiMkIQyFasYoh/O/fcc1GTokVV/KVwz3LZJVuyYsXykqq7gN0bcYiiCjE7A2nvC84Luyn3W0HxL1reFioiiJztUivaAmHAKnn77bdvkpV9c5Jz5lbZNl8smQarcX5bzJ/3gw8+kPrtBxqC2FYMcWaONDuk2CUTfa86d7gvqCgppaVTluJFzwZkEixfvrxoPy+yBbA7JfdIyu1WtiaKvzhtTeLQLJbGWKuQqleKRZdQT0JB/FFCvD3tvUd46Qo/JztvvL6KwWAN5rZ3KVaAw3sQFY/UJwQiob4AfrbYP+/rr78ufQZ20rfFk62EUboYdepR093L4qDCk+h37YwzzsCZeNJnWFbOeplpOA3FnjqINFY8hw899KD+LKLsbilXXHz88cdVU03/S3vvTR4np3h536tsg++66y6NLP9aHLy33npLP99H+l4yY4kIeWRLRKPRsps/fGbkukuqW8q4B5w1o6U0n7/C8xCvIk5bVDFV9wrae4o/ednl3aYagIQtcxq3wvGQzYCyu0glSzSW+C/y7LF65PyteSEYED0iMDeJz3NNTUh3BLA7wuevcLx9993XTZ2OHWnvKf7kZZe3j2oAkgTpNCItkMYtvzzkuku7ZD2iv200eEiTdC39PZy/5C/UG4DYV1cH28wf4iZQB3/lypWcvzzzHnnkETfij1LI3WjvKf7kZZfXU4Zy7XxZgTbQuOWHh4Cvo446CuVdk1YghKghz5/zp8bDah+FbzB3iWKDlDykQ5bjsUkheKjmKCm5URcVOl+mvaf4k5cb3ks+F7XaEbFM45Y7XktLi3bxxRdrtbW1be6H5H/rK37kxnP+0uNht+Twww9DXfk2QjN06FB9Zcr5yy0PR1kuy3MfTXtP8ScvN7xDfS4atSAtSSWynMbSPe+xxx7Thg8f3sYZwy7AX/7yF6nQ9xHnL0u8b7/9Vq98mEx4Nt10U70aIucv+zwUQXIp/tj+r6O994b4K2f/cbKLhoeztVY3jXOkGc8qp+1SGkt1Hlb0iOxPthODUrf//e+rnL8c8d577z1d8H1te2HopXHN+ADOX+Y8BGZGIh1iLntzPE177wmeWfpfuUhQmJNdHDz5Ej7gtmveiSee2ELjlhkPed/IXw8Gg23Ef9SokWszLzh/uecl7r6Yo2fPnnrlRM5fZjzUEpkwYUIsjcZcu9Pee0L8/UoOgKWfcISTXRy8mpqaHdy2zEWXPrQ6pXFLj4fuesOGDWszr6hpj1a6ZgEYzl/+eKgQKdUf9XuQbCcGVRc5f+nxDj74oHRaIv8iI0h7X/Tib/b7sXcAjDeHjNV/hJNdHLw5c2bUSn75V05fTvy9BKfFLWLVYO0YSLFx5iECGvnpyeZ277331qPVOX+F5aFi4F577aWXGLbujKF+wFlnnaXv3HD+1Hm33HLLOuJvtSEO43za56IX/4DR7bfStvS/8eagsfoPW3oLc7KLgCd50sepeObo2y4V1damDk6ePHkVVk4UG2ceDGHnzp3bzClaxL788sucvyLjYZdm7NixbVauo0eP1sv0cv6ceShOJef+UXP+JJMllqpSY8JAX4R+tM9FzQsaY60D4OQpVFscgDAnu3h4Q4cO7iXG7VenL6ZEpMdOPfXUdf7uwAMPbKLYpOZhVY+mNYlziUI+//znP/XUPy9+Xvz3iy++0Pvco5cCyvDec889+sCf8XevvfaaXnq3sbHRk/cXRzHnnDNfVv816zjH2B045phjtIaGBop/Ct4PP3yvjRgxImp1ntCfQspYq+wA3Eb7XNS8kKHnpgPgdzojCFocgBpOdlHy/q6yNYfKdOjgZT0jXbDgqjjFf91XPB7XrrjiCl08Eudwm2220avUeeHzotkOBP3MM8/UGxCNHz9e69ixo1I/e+tAbQMJBNN2221XXVQffvhhKWa01BP3F/UDtthiizafacCAAdrzzz9P8U/gIXtCnvG4Vfz3339/vR21wrMCB2Es7XPR8kwNNx2ASrutf7/hIZgOQIiTXbS8WhnLfQoNgp599lkIQcw8I5VjgVb8HcV/zeuzzz7T5s6d22buunXrpkeVF/sZOAo+7bPPPtqQIUPc5m0r9ZYwB3oboACP7CJpd999tx4tXsz39/bbb9e6dOnS5nMdfPDBbdotl/MxzEknnbTO8zJlypQYgoYVn5X7aJ+Llmfu3psOQMBO/CsM76DKcl7AyS5u3ukqX9KJEyfGP/zwQwja2pKessJrUC0SVKrij//Htn5iah8GAstMgSu2z/vpp59q8+fPR40H3WC7qQuRrvgn46HnwYwZM/Q5tOtxUMj5++WXX/TCTImfsa6uTneMy138b7zxxnXuL2wE7MKYMWNUtv4RXzSG9rloeRGLAxB0CvqzOgAB5SpBnOxC8jrIWKZizGGkn3jicYhd3PyyDx48eBXafJaj+ENEZ8+enVQYnnjiiaL7vMjgOP/887X6+vq0xDrb4p9swCG57LLL9OyJYps/lA3u3bt30t2An39eVpbi/9RTTyG2JWbeXznvj73yyivaBRdcoPq83EL7XNQ80wEI2eq58UMVlhxBir93eIeoGHNJA4x98snH2pVXXrmOMRcRXIXAtnIRf5z1o35/soI+Bx100Drd5gr9eVHBcdGiRfp5NgLZsinW2RZ/X0Jlvu22204v2GP9rIV+XpYvX67tt99+bT4vYgMQBFlO4v/uu+/ieCRqvb/IfEEQqHw3Ygr3uVHu8yDa56LmRZRi+CwOgJ/i7zkeIjo/UDHmG2+8cRxG4LjjjlvnvRLs0wBhLHXx//zzz5Oe9ffv33/tdnAxfN5ly5bpOeyJK1YviH8ycT333HO0JUsWF83zArHv06fPOp9XVr9646HE2IBSFH9kg8gz32q9v4j4hw1Yb7314or3dz7tc9Hzwm7K/VZQ/D3L21jVmKOVKr7oO+200zpf6AMOOKCpVMUfnxdb09IcqY1IHXroofp7i+HzoqnNvvvuqzcUKoRY55IXDof17ohYYRbD8/LTTz/quwEQfuvndcoU8Pr3A45Yff3odcQfWUJ4YWdM8f4uQSoy7XOJ8NIVfk52UfHuUDHmKAyEMqmokCZFPtbx9pP1DPC6+ENwZFXTxoj169evzaq/UJ/39ddf17bffnslwfWi+Ft5OMr485//rDebKYbnBemNeBasnxd/hrOishvgpe/HDz/8oE2bNm2dbX85XoqjOBiOBMTxjKvcXykQtAftM1sEc7KLi4fiQL+rGPNRo0bFUBQFAYCSIbDOed9pp53WUgrij1X/5ZdfnnTVjzQ261l/oT4vAq7kWCanYr3GYIf0dLg+vftoAwcMlFS+YdqI4SO1kSNHybMwWv47Uhsmfzdw4CA5duijdepUC0cxp84E/m7rrbfW3nrrrYI/L8uX/67vvCReY9++ffVAuVIQ/x9//FGbNWvmOuI/a9asOOwA/l2aK8VU7q/smDxF+0zx52QXIU9KBB+iKg5IjcILEdtwCKz/dsopp7R4WfyR159s1Q+DnqwpUr6vDyt+NKzJhbjC4enVq5cI/AhtyuSp2vrrbaBtsP68tMac2XO1CeMnSrbIEK1r167678zFTsKWW26pvfPOOwUX18cff1yfu8TrQ40FVBn07sr/e23mzBnriD8cfwRF4rXLLrsoPn/+VT16dK+nfab4c7KLlCce+tOqxhfxAHhha9C6AsDPHX744c1eE39kMyCFCamOiZ8Vlc1SpTzm6/rQzx5VBbO5ssaWOlb3w4cN12ZMn5m22KsMOBOTJk6Wc/KB+pl+No8R8N4ddthB++STTwoqrhB61IBIvL7u3bu3ouWz18QfFSylB8g64i/9LGKoj4AXOiqqPn/iXB5F+0zx52QXMa9Xr56jxAD/pmJ8pZBLHE1U8Pr+e70WeMxqzHfddddGrBK8IP44w5QKZm2EH3n9iPou5PV9/PFHeknmdM7VU4kr2uBi2x6r9FyKvt2YPm2G1r/fACmfHM5aDAGKC6EDIxyBQorro48+mjQLQ9IbY4ii94L4Yw7FsV8n4E/KO68VfxxvwAaoPH9VVZVP0D5T/DnZHuDJqvDPqga3U6dOMRgKvHBOiNWB1ZhLoGDDihXLi1b8cYSBtMZEQ2YWeUl21p+v68Pq64gjDofxzFmAHgQT/Qu6dOmq9e7VW1+dYzegfvQYKf88QT8GwM7A7FlztPXmru8o6ngP3oufwc+CARaYYON34Hfhd5rXk4sAQhxl/O1vf9MLIBW6boD5eczrE+crisJa2FEqVvF/9dVXxIHptY74S9XGmHmUgYwTfPcV78eyvn37DKV9pvhzsr3Du1bV8ErqUwzHADAeS5cuQa78Oo1BUDHwq6++KjrxRyc7ieBuY8TkeqNOqVy5vD44JWeffTYMbFFG5yP1DamGGPh/HCO45eYrewCNjCC2yFop1PP39NNP4zsSTbw+WU1H0V2x2MT/tttulSOamjbR/mY3RDj6UgdAVfzjctzzR9rT0hN/5ew/TrYnedUy/qdqfLE1iG5vMCDYItxxxx3XMeay4mvEtmgxiD9SyLbaass2YgNjdcIJJ6zTzjaf14fdhuuvv14/dvBSap4XeEjVu+OOOwr2/MGpO+qoo5AdsY5zLCOOIEEUbyq0+GPHAm2P19Q2+P/5w/WhqqQZ4yCNweKq90M+74W0pyXHM0v/KxcJCnOyPckbKuN31S/7nDlz4uguB2MCg4EuYQnvjx999NEtdqWDcyn+2J2AEUaQX6LYzJw5M/b+++8XzPiizwJa71Ksc8tDv4GXXnqpYM4nttbRLS/x+mSVHEWvBqedilxdH8p8z549K5ronJx77rlr34v3SelvZfEXR+K5GTOmdqY9LTnx9ys5AJZ+whFOtmd5W/jWdO1SMr4oDmQtgHLnnXfqDUOsPyeBRavffvvtvBk37Eicf/55SEWLJYpD586dowsXLtScShnn6voQfIh89kzFED/bo0cP2ZodoEf1m9vzpSD+OGJAbQEE1eFYJBvXh14DaOhUiIBTFM5ZsGABjieivrappq0333xz0t+Zq+tbsOAqXEurdf5wbdYdO2z/r7/++i6Oifzf9O9fN4j2tOTE3+z3Y+8AGG8OGav/CCfb07xj3BjzRCfgo48+0kaPHh1LMOqxI444otXMJc6FcYPw4/xXApBiieKAoD9Ua/v1118Lsu2Kc1Qpn2wR6vTEFUF8A0T0E6P5EYw3dcpUcbZG6MKJqH+8t9jFH3/fMdJRLzqUqhbB1CnT0HY24+uDY4EGTrgXhUjNw7EAngG5jjaranGSo7fddtva9+fi+t544w3Uu4gmzt/UqVNj1vbM+F3ynXZzf1fV1naaRXtacuIfMLr9VtqW/jfeHDRW/2FLb2FOtnd5V7sx5lIyNG4VV5yrS22ANgZaVhpNF110kS7E2TJuCEg87bRTsSKOJbu+zTffPP7hhx8W5MwVP3fmmWdqHTp0yFi86ur66RH3blLvEJ0/duw4vZofChtht8CMyM+X+KOTIhwSZAPU9a3Tr2WcXNPMGe7qEMA5WOMIZHZ9yBjA8wJHoBCpeYhJmTdvXtJdtoEDB0ZRkXLZsp+y9v345ptv9FoF/x+PsDYbI37qqafqOxTm67ffftOmT58ed3F/o3KcsSPtacnxgsZY6wA4eQrVFgcgzMn2PA9dAx9xIw5SIjYGY2N9Pffcc9qQIUNiicZDhKjp5JNPjqMKXzrGDUYLPdtRJx5n/MmuTwqaxBCRXYhoa8REXH311fo2fTbEFTsHffv0FeEcr5SepzLmzllPmzZ1ul6sZ+yYcdooKfE7dMhQbdCgwbqzgZ2EHj16aj2699C6d+suRyrdtG4y8Gf8XU/5N5QCxnuR8ocKgCgZDBaY06dN139HNq4Vn3mCpBj279dfF/BsOCe4N2hog0C3QqTmPfHEE4gDiSa7PqQOohgV6m6kK/6vvvqqtttuu8UDgapY4vM3ZsyYKHYErK9vv/0W32E34o97cSTtacnxQoaemw6A3+mMIGhxAGo42aXBk9SgsJztveZGvHr27BlLNCwIdJo/fz5WnrFEMZSc97hsSzZfcsklGuIEzOjjxBfO7HGGe8MNN6DgkFZbWxtL5ZxgSxPOQaFSre699144PTlbWaPuvlSa04ZJrj22xzMp31usA58JK/7hw4bpzgY+c66OJdDeGdvvKnEhuXheFi1apJfaTXV90oo4ihoVSGNFnYNUL2SVoFgP6lxIamtrMp443lF0ukz8nr355psoaxzzudrZCcynPS05nqnhpgNQabf17zc8BNMBCHGyS4s3YEC/ARLd+74b44sOgrfffnsbY4lzRrTTrakJxVLx5HfFZBu0WaKPY7J1j61SrEqistKI2Rkj+bm4BNfFk3Xsy5cxRwVBSY/M+5m6Ydj15jzjx413fUxQDAMxDePHTdAGyWfAUQGKIeU7JkHiVvRuf4VKzUMQ3pZbbhHHs2z3eSUwMioFuKLoD7Hppptiyz4m4g3Bj6f6vNhROP744/Ut/sQXAnfl++Vq5S+7ClfRnpYcz9y9Nx2AgJ34VxjeQZXlvICTXYK8fv36DpYv/Yduje+RRx6p19tPNJY4Jjj99L/jTDqaqTFHwRWkHyKtqVAV1l588UWkRBZVND3O3dGQB1kCo6SL3+RJUwpaBtgq9LgWXBOuDdeIay2mbASJZ9Hsjo5yHUCI9tvSalvPEMj08w4dOjR67rnn6KW7E68Px2ionuh2/kT8r6U9LUlexOIABJ2C/qwOQEC5ShAn25M8OYPuJf/8nltjhIAiBOAlM5YYiBGQ7ADZzh4WVTHw2CGYPn1aDKIP4S1kbXXkl2+44YYZixfe00/OtnG+ndhWN9tiiJU1Uut69uyl9ZOz+yFy5i/dHfVz+4kTJ+kxAbNmztbP7lWOFvAevHf2rNn6mf+kSZP1OIWRI0bqsQSIW+gmMQMIgkTBmVxmI6CNMeYQvy8bPDh1iTtK+c4eeO2119BtUz/Wkmt3bMGLYFG5n1HUv8C1p7o+OOFo75uG+F+3/vqzO9KeliTPdABCtnpu/FCFJUeQ4l8evC4y3nC7EpHtx9jVVy9wNJZI44PRuvbaa7WzzjpLLywE43fhhRdqOFLAOSW2MAvdWAXXmCxNyq3Y6JH9EhVv3bKHoEJAIdBmhbZC7iTgGpFOaJYEXnNNfv3v1vx9Ya8PwZF9xMmYOGHSOo4Jdhng6GTj+kQo9eOdQnf1a2pq0r8DiFdAF0t8N/AdQRnp6667TnemsdJ34v373/+GQxZzL/6BK2hPS5oXUYrhszgAfop/2fEiMp5Ox5hvttlmmjXfuBi7BKbiIUDsvvvuQ1W3rIgXxBNR83arbES+jx0zFkFgeuQ7K/ytjTHR5wTxDnbzh3/DzorptGR6fRKop9fNR1Mfr7S8tvIWL16sF6HypZXKGTiT9q/keWE35X4rKP5ly6uScVs6xhzBfFjdu2nWUkjxR0U0VHFDVH8uxBDn30i9czqfh5hNGD9RPzfHdno5iT/+i9U8AgSxsldJb5TCOjJP4Zxcn0TYa5dddqk8Nys9If6Iw0GJ38QKnYqftzUUqj6I9o+8dWIAfGm+ONklw8Mz8I90xQEdBW+99VbH1KtCiT+6GSKdChHX+RBD7Aj0leOAaVOnKQXT4dgAbXeRg48iO6l+nxfFX49T6NhJP89HbIJqLQHEL2A+/j9lMLefF5H1xx57rKtdrXw/z2iIJA5LPM3P+6s4m1vT/pGXlRcnuyR5O8lYna44jB07No40pHzWQk/FQ240crLRCtWaUpVvMezcuYs2WgLz3ETtQyQRxIcqe1KLAc1miuKM3omHM3ys7lGlEIGDyP13U+gIn3ukZBSYrZQL8XnxrKDaJJ6dVHUs8vk84xpQi0JSUuPpfl45Nvm4W7euE2n/yKP4k+f0GiPG49NMjK9ssccvvfRS/Xw13+L/3nvvaVjJSXGdaLbEAVv7qG2PLWspWpT2ShgFf7DST6eiHo4NEJk/RuIIzFLAuBbEEyC4L1/iD0ekujqERkz62f0QiX0YUz9WyhTPSKuIEeZiTP0YmZseaz+H2+vDtWB3AfObzc8rvFbk2yOVL9/ij/LBV1xxBY4/4pk4O+KU3TN8+NA+tH/kUfzJU+INHjywjxiOuzJdeeGcco899pAyvw/r/cpzZSzRle+MM87QU6ayvTKslU52c+esu3pHPf5UZ/cqYgOhQxlelNqdOWNWVnLycYyAFTcK8IweNVobJk7CQCnpi8A5CDV2EpBSh9/bQ4QSf4ZgooRuz5499D8jWwGpftiuxxk9qhPWj66XErcT9CqF2ao9gNRE7BDgGhKbHLkRaxyXjJPgwcSMAThF2d7pkMJCUUToo4JlrsQfDvNjjz2q4TuDSpsZ7nQ0yjz8jfaPPIo/eWnxRMD3F0OyIhvbrmjnu/vuu2vXX3+9tmTJkoyMJTqxPfroI/pKf+TIEdFcbwtD7HEmnShk9bJytToC6YoNtvhx3o0sgWIo8JPtgVU+VuioVRAOd8j4fkD4sROS+HuwQxLpEMn5sc7o0aOiiCmBWCPdNRPxR3wKSmL/9a9/hRMWy8b1odpnly6dp9P+kUfxJy8jnvQP6C///Gi2xVVWpTH0dT/hhBP0vOfHH39cz4v+/PPP9cImaGaCokNogoK66eg6uPfee+tFVJB9kO8zcKzah6RI9cMqFNvx2RAbvB8OAZr3oKiP1/oD4FpxzVjhoy0wPovKHKjcD2z1Yzci2e9E9oV1NyFfMQSyUxbDM7nvvvvqzYjwrOKZxbOLZxjP8hdffKG99dZb+jO+cOFCvTLgH/7wB9md6RfL8vW1SIrfORMnjutG+0cexZ+8bPJ2k/GDrwRT1cTJkZgH/9cqPKwwU6WvIeq/rq7OiFzP3vWZwXXYxkdFPpyZQ2Sz1Z0vk+6DWNmjAiE6CWI3xG08gtP9haijOFCqjAoce2BHQJH3k/x7q68E6y7IM/xK5861M2mvyFNktuPkkOeW11HGJTJaSkH8Zav0OfQ/RzlUyTOv8dnUQ0gcvXr11s+yU9XIHz5sRBthysXnhXOA34OzfQglzu6Hy9n9aJzdSzwAnBVsjc+aOVObPXuOfm0Qb0TnY+DP+DvEEMycMVMXdfyMHksgDLDABBu/A79rTSGj3N7fjh076oGXqZwcXC92GJJE8aeavxvl34My+sm4UMbyEhH/76urgwfIM9yJ9oo8FeE36v4oFwkKc7LJS3gNkXGnN8Xf3yCieaOslmYl+bzwig+xc3B8CXX/sSK3O7fHSn2AFPyxBqb5yqDCXzo87CAMlvlMFm9h3XlAp8TE4MHU1+dvkr/fz7i31lcH415/5NH5Q2zOqcOHD+lJe0WeC/H3KzkAln7CEU42eSle42TcJSPuAbH5SM5Hjx84sH9/hc87WcYnqtcHcUcpYKcAPqys4QzgXJzi385Y6XfSnSg4Sk6dB/G+VE2IUoj/R+IoTFR4jufJuENGswfm73cZZ8gxUzfaK/Jcir/Z78feATDeHDJW/xFONnl2LzFko2RVfY0YtdVFZiyxzXuNnEvPTuPzhmRc6ub6IE6IdJ8xfabjGTry5pFmh231YmgUlC8efhbpfwgSxJGD0zzhPUhlxM+5uL64PI+XduwYCbl8lLvKOEx4bxTh/H0p4ygcw9FekZeG+AeMbr+VtqX/jTcHjdV/2NJbmJNNni1P6gfUyWr4SAlIeqOAxrJRxr0y/oQz3yx83jkyPnRzffhzt27d9OwA1Ta8kydP0R0CBPphR6FUxB8xChB8ROljB0Q1owHR/qhN4PR72gZ0Vn4YiXTYKNPnuWvXLpMRUY8qegWcvybjqG1zGe1pr8hLkxc0xloHwMlTqLY4AGFONnlp8IbKOE7GqzJiOTaWy40t3J2Ms91sf140TDpRrmOV2+sLBqv1M+vp02a4irLHyhd1BtAwqEuXrno1wmIXfzguXeVaccyB6oBuixxh5wTb/CrxEkmub5XM0WmTJo3vnO3nGTtc8s/Hy3hRRjTH4r9Kxn0ydpfRifaFvAx5IUPPTQfA73RGELQ4ADWcbPKywOss448yLjMcgqYMjSUE/ykZf5cxV0ZlPj6vVMwbJivaf2OLOR1xRWQ7VsIqW9+pAuAmTZos9QFG604FKvchPRCCmY9eAShnjN+1JiWxl54dgKqDWNmnm5IIJwGljRELkOb1Ybv/xj59eg/L0/NcazzLl8t425cirdDF8/yzjMdknC5jPcPZpH0hLxs8U8NNB6DSbuvfb3gIpgMQ4mSTlyMeBHu4jG1kHClG8TwRl3/LeEjGf2Tb9XkZz8jfL5J/v0nG+TIOl7GVjEG+thHdef28yLeW63swE3FFiWFEvGPrP1uFfpDmh5S/SRMn6/n5KDUMccWqGjsJddKhEKV+kT6HNMbeMvBn/B3+De/Be/EzKEIEBlhgIu0uW4WCkLuPoMl00iSt4irCf59UvJtW4Oc5IGO8sfuEXYLL5Ppul+fjcaSZynhWnmn8+X75+6t9a7puHuBbE3jYh/aAvBzxzN170wEI2Il/heEdVFnOCzjZ5JFnz5tsbNdmtLLG9j7OuxEDYJcC59UxY/p0PeivV69e0h+iOtOdiTjEtLa20xw+f+SRl5IXsTgAQaegP6sDEFCuEsTJJo88vEbKuN5nSSPLZFsYWQFdunTRt/mxCk9VcKgYB651nDRLwvGAGbuQpWOJRvm5a2XFP5HPH3nkOfJMByBkq+fGD1VYcgQp/uSRlx6vm4wTZXzny0E0PfoNoCIftujHjR2vr6xRzS/fIo/fiaBGXAO6DuKacG24Rl/2AxK/kXEc897JI88VL6IUw2dxAPwUf/LIywoPaTZI3UKRpJZcR+fX1IT0mALpuKif6SMKH/X5R44YpUfjj5d0xIkTJ+ln7yi4g2MGCDgG/oy/w0CA4QRJv0NXQsQAgAEWmGCjDwL6HLhNzUvj8yJIFGWZN8Zc8vkjjzzXPLXsPYsDQPEnj7ws87BylVrthyIgLN3sAV95VAxEet3jMvb0rYm05/NHHnm55qUr/Jxs8shzx0OqmjgDh4gYPuRbU7Co3MW/Qcb9huh35/NCHnmF43FyyCMvf7wa45jgIhnvl5H4/0/GBTI2lVHN54U88ij+5JFX7rweMrb3rWlV+1+fNxrTOPGwy/GKb00dh219a4Ik+byQRx7FnzzyyLN5oSLcBLSylej6BRJD8III689FLP4/Ic4hEKhaIMccB0tlwgm+JBUaeX/JI4/iTx555KXB69u396CKivazfGtqxf9dxo0ynvSt6Wu/IofiDzaaIv1Hxg0yTmvfvt1u0nhnw/796wbx/pJHHsWfPPLIKywv6FtTYnacb0252a1l7IydBOlud5wU5jlRxqnyZ/SUP13+Hg2b0Gb2MBn74L3Gz2wgY6yM3r415W55P8gjj+LPySaPPPLII488r4q/cvYfJ5s88sgjjzzySoJnlv5XLhIU5mSTRx555JFHnufF36/kAFj6CUc42eSRRx555JHnafE3+/3YOwDGm0PG6j/CySaPPPLII488z4p/wOj2W2lb+t94c9BY/YctvYU52eSRRx555JHnLV7QGGsdACdPodriAIQ52eSRRx555JHnOV7I0HPTAfA7nREELQ5ADSebPPLII4888jzHMzXcdAAq7bb+/YaHYDoAIU42eeSRRx555HmOZ+7emw5AwE78KwzvoMpyXsDJJo888sgjjzzv8SIWByDoFPRndQACylWCONnkkUceeeSRV2w80wEI2eq58UMVlhxBij955JFHHnnkeZcXUYrhszgAfoo/eeSRRx555Hmep5a9Z3EAKP7kkUceeeSRVy68dIWfk00eeeSRRx55pcHj5JBHHnnkkUcexZ+TQx555JFHHnkUf042eeSRRx555FH8OdnkkUceeeSRR/EnjzzyyCOPPPIo/uSRRx555JFHXjGKv3L2HyebPPLII4888kqCZ5b+Vy4SFOZkk0ceeeSRR57nxd+v5ABY+glHONnkkUceeeSR52nxN/v92DsAxptDxuo/wskmjzzyyCOPPM+Kf8Do9ltpW/rfeHPQWP2HLb2FOdnkkUceeeSR5y1e0BhrHQAnT6Ha4gCEOdnkkUceeeSR5zleyNBz0wHwO50RBC0OQA0nmzzyyCOPPPI8xzM13HQAKu22/v2Gh2A6ACFONnnkkUceeeR5jmfu3psOQMBO/CsM76DKcl7AySaPPPLII4887/EiFgcg6BT0Z3UAAspVgjjZ5JFHHnnkkVdsPNMBCNnqufFDFZYcQYo/eeSRRx555HmXF1GK4bM4AH6KP3nkkUceeeR5nqeWvWdxACj+5JFHHnnkkVcuvHSFn5NNHnnkkUceeaXB4+SQRx555JFHHsWfk0MeeeSRRx55FH9ONnnkkUceeeRR/DnZ5JFHHnnkkUfxJ4888sgjjzzyKP7kkUceeeSRR14xir9y9h8nmzzyyCOPPPJKgmeW/lcuEhTmZJNHHnnkkUee58Xfr+QAWPoJRzjZ5JFHHnnkkedp8Tf7/dg7AMabQ8bqP8LJJo888sgjjzzPin/A6PZbaVv633hz0Fj9hy29hTnZ5JFHHnnkkectXtAYax0AJ0+h2uIAhDnZ5JFHHnnkkec5XsjQc9MB8DudEQQtDkANJ5s88sgjjzzyPMczNdx0ACrttv79hodgOgAhTjZ55JFHHnnkeY5n7t6bDkDATvwrDO+gynJewMkmjzzyyCOPPO/xIhYHIOgU9Gd1AALKVYI42eSRRx555JFXbDzTAQjZ6rnxQxWWHEGKP3nkkUceeeR5lxdRiuGzOAB+ij955JFHHnnkeZ6nlr1ncQAo/uSRRx555JFXLrx0hZ+TTR555JFHHnmlwePkkEceeeSRRx7Fn5NDHnnkkUceeRT/dX+5tUdAJAvlgskjjzzyyCOPvDzy0vnl1h4B4SyUCyaPPPLII4888vLIS+eXhyz1hWuyUC6YPPLII4888sjLI8/tL29n6RFQbWku0I488sgjjzzyyPMGz2S6+eUBS4+AYIblgskjjzzyyCOPvMLwKlSLBLWz9AgwR2WGv5w88sgjjzzyyMs/z6/kAFjeXGkZ/iz8cvLII4888sgjrzA8JQegInH4MniRRx555JFHHnlFwWvn5C20t4x2Gf5y8sgjjzzyyCOvSHj/B7NqX3iEXJzAAAAAAElFTkSuQmCC','admin@admin.com','Johnny','admin','Adams'),('265172ad-713f-4638-bd8c-a75727ac1db2','data:image/png;base64,iVBORw0KGgoAAAANSUhEUgAAAQgAAAC/CAMAAAA1kLK0AAAAeFBMVEX///81NTUfHx/T09McHBzg4OAuLi4lJSUxMTEpKSkrKysjIyOwsLBra2v4+Pja2tru7u47Ozt1dXWqqqpDQ0NjY2NWVlZMTEwVFRXBwcGdnZ2Xl5fJycm3t7eAgICQkJA/Pz/p6emIiIhnZ2dbW1sAAABQUFBycnJQcv28AAAE9UlEQVR4nO3dDXqqOhAGYFFJgChiVRREtNar+9/hheJp1aqVZHQy6bwrgO/JzyRA6HQYY4wxxhhjjDHGGGOMMcbuif0iW+XL9TLPip6PfTVIkt7yYz4WSoZhFIZKBpv9YTKKsS/rxeKsnHdDEXinAiGjdP2XskiWm250HsJXGFF/N/gjUfjlIryewjELJfM/EEVSiuhOCo1wM8C+zmdbTcNfY6hbRTjrYV/qMyWlutcpTolwgn21zzPaPNQcjvoHV0eK1eLR5tCINiPsS36KvE1z+BR4BfZFP8GydQ5VEoF7SSxl+xzqJFybPCZ9nRzq3uHWOFF09XKoptGpS3OHv2k3X5wlMcO+ejjxx+9V9W1ddyqrXBnkUCXhyjDha0ycp8TOkWFiJsyC8KQbnaPQnDm/BdME+yYgGDcIzwtz7JsAYN4g6iQcGCWG5g2iCoL+KDEyKSG+BFPs+zC2Npw7j/rUF1/xXr+4PhWtse/EUA+mQdCfQXW2Y66iXmcD9QzypUQMMmfUxBv2vRiBGiKqQWJPepBYae1UXjUm/f5E+y38mxTpSuINor4+BpFh34yJGdSkQX3amMMFQbu2nAIGscW+GRNjsBy8qMS+GRMbwCBItwjuGkcpzxoNkH26hiT9ftkWbNHldUlXlhO4tYYgvSGRwa0+p+/YN2PCh9uPIP52AFhFRXv2BFx+0l58VoME1GgZkd6g6nTegYps4luWHbCSinY5VcvMXhv6R5F/HJ6A7M3QXoM3cojhUpKurxsxQIugXk01AJqEcKBBQDz2i8jPnQ3jJWhA+iHXiZlZm3DnHWR/bDJgig/yNcSXgUnniEhvRFzY6ichV9gXD0p7mFCkN69/ivd6SSjSTzyveU91klBbdwbKf3yNJKQDa62fkl3bEbPrXL84evwT+ZqIyG/G3DQYP949ZEr6ic4v/NmD3UMIB4fJMxPxwMOvQO7d+yj8UryWv0QRqLFb1eQtST5WN/e2g6ibujtIXooHQ0+Jn1NIEKlpWTg+OFzwVx/TQH6fyRWIqsfMy8Klpeaj4l62HM69/mKxUOO0nGSubEQxxhhjjDHG2MvF776OxJ01uZ/lb2m1xOxrqRems+2E+h5FUpSelJcHgbcVRGEo58se1TDi4m0qwd7OD8Jovqa4YZFMUnXjNHSDLA4ZsWYR5+NWT7UeJbopqbf0B0I+I4Za0N+Reddw9OjjLD0iKmn0j9yD+8bxunBO4DlYPHxqc2gE9n8NO9rAfel5jxra3T2yu3/OgBRZ/fnjyrCGbENM7S2vAM8YIp1EsXhlDnUSdvYO/dPQtZMY2zhijozePNcTWfhlT7x7dhl1jVpi3/cPJdwZZG1I29ZgIGcda7DtwM/k9ePDUTTEvvczW5yOUQtt6hwwZz7rseqkaMDDhdpT9ryNWOB1jEqwsaasAvhNgAlly+eQmCNELUgtaRKAp27pkZbs3L18sXVJHLAj+LSCOTPEhB0nJAMe8KvLio9kY+wUvPrzcewUKj2k5daZEDuFDtifRMzYcAbNAX+IsOJPXjDHK5my4Hgm34YGURWX2Dl0eujl1Cf80RLwMFcTC/QdO7Cf7JjBPxq4xF5xNRT6usuCArum0ItsK8oIG1YbqNuV3/AP/uQgOAgOgoPgIDgIDoKD0DVbdG3wH/oWld+zA/oynDHGGGOMMcYYY4wxxhhjjL3U/z06V2aPpuJwAAAAAElFTkSuQmCC','danny.smith@guru.com','Danny','test','Smith'),('c2b23777-25c2-4970-bcb4-8bc615abd052','data:image/png;base64,iVBORw0KGgoAAAANSUhEUgAAAOEAAADhCAMAAAAJbSJIAAABMlBMVEX0fCz////U1tj0s4I6NDFKSlTio3nz+v/0eij4toT5fiz7fyzXkmP0eSX1/P/Y2tzzcQDS2t7loXNBQUz0dhszMjEqKiz1s4IrMDEkJyr9uYbzcw70dRk1MjE+Pknz//8nLzH0gDLZcS3++PT6zLUfLTGRVC+nXC71jk65imfueizkdiz84NHrrX70rXn96+HplF72mGH0ikT0k1KHUC+sgWH3rIP0omqEhYucdlr4so371MG9v8L5vp9XRzz3pHZDOjViQjDZycGzYS7TnHNjZGykpqrn7PBzdHvEaC18YEzaxrzlqoyam6De5+z95NdNOzDhtJ56SzDlq42EiZLevq61uL7krYni2dRVVV/t6OWen6OAenxoaXBvV0Z5XksNHCUHKTJWPTBuRjDUh1MAGCNmoPyYAAATRklEQVR4nMWdaUPbxhaGZZsK2a6wcSS8yCY2xmAWF2wIKRC2kKUOCSEkpAlt0zbc+///wp0ZLdYykmY5unk/tMEYMQ/nzFlG8oySy1z998erJ0cHZ3vDyaTXU3q9yWS4d3ZwdLJ6vNPP/tcrWV58Z/VoPNEsq902DF3XNE2xhf6l64bRbluWNhmfHO9kOYisCBHcEKEZuodFF2I1EOjeUWaYWRDunIw1DJeIFhTGVMYnWVBCE/aPD5QqshwHnWdO3aj2Do6hpyYoYX91bFlCdB6lYbXHq6CQcIQIr9rm8cw46W1rvAo2LDDC7TMLBM+DPHsPNDIYwpOJBYfnQFYnMIYEINw5qLZl5l6ctLZ1BBBcpQnfj6tGBni2DOupNKMk4fZeFdo9g9KrY8kJKUW4PQSffhRGS45RghD5Z/Z8hLE6lvBVYcL+mQBfqVTGEmA8EK4CRAlPLN74UiqXVqbra7cPF7fO165KDD9tGKK5Q4xwu9fmxdtav2h0uw3TNBv7ZfT1yuXaw835+c3327XLlc30K2jWRGw6ihAiB+XMf+XpxaDRmXPUWFMuvw8QLHql0zH/vZ0yECLG6sH/iXCVN4CWti4GHh6W6cPtmFMmN8Uy9OP/A2F/bPHxKaUV05yLVWOFlU/BZjzLnPCYv77eGsTzzXUv+SKroW1nS3jAOgNLK67vlS8SLNh5KJfYgqkrrXqUIeHOhDVFlPf/vZhulkslhJpkwrlO4/xi/3KLh7I95MqNPITsIaY0Hcx1uo2H9elmab2RREhiTaM7tz9VmCF1g8dTOQgPqsx/5vID8Uw09MHceQqgLbNr3k5ZEbXqSQaE/SFHki9fdNKhwmo01rZYf4H1FJxwp8cTQ0traa5J0yZHWDUmrJORkXCbr4oplb5zG9G85Yqpus7Yb7ARHnMAoui/OV3fT0gRcbq95LGiZrHVqUyEJ+wxplSa7t8MUIXND4gC02B/hZ1RqzLVcCyE7IAl5fKmawpEGQ9ysK+w+2qVpaNiIDxiLkTL07muBB5R45zDjCxZI53wgL3Svk0sXxjV6U5BEVMJOQC/i6SIiNBs5Gg30hHTCHkABw0AxJu1tYsOU0fMiJhCyD4HS2u3l9NLecK5C9RPrbATpoabZEKONIHzYGqRzaJOo7te4sn9KUkjkXCVA1ApbT50AQCxut+3uBATU38S4TYX4NacSJany2xwpAxFaycVcAmEOxZHLYoAZTNhQF3mVgojKglleDxhX+Eqts9BAVHmZ+6kkPShCOGQp11yWl5Amd95pqIRvwYXS3jAs6qNVy1A8bpds3vJg2jFpsU4Qq4wqpRvQH3U3N+a3g46PITxATWGcIdr2be0MjAh6pkZorlSnja4jKhpMdEmhrDH19Kv3+yvr7MtOTFqgMrvNS4j6mMewjPOW2ebpbIisviUhMiz2k8UMxWphHyTEAs03xN1znnHEDMVaYR93nsvigKc77HwbUY+aT1Wwj3umy+l79DpcE7ETw3aDUYK4Sq3CctCy6NpMh+4b/hXKcv9UcI+/yRMvvkirAFPm0hE89Mo4ZjbR8sXgy7j7QkumdwzUWlHb71FCI8Fwsz+dGvrBp5wzuQeimJFGqkIoSHwEF65vEJZJF3qyFJztVC2ol1GmPBI5DG80lYUsLP0pPBiSQIPVd+DW/6Hi6zwmkaIcIc7zGBtUprDjtoqjvyEnAnTXNvcWrnlH4sWtlnoa/4wo9Dv1DdfFAuF1ukM6/SU06Dd/TLXgpSr9kkS4TZ/mKFnQ/NNq1AoFA89qs7frSchV067v9F9EAFEftpPIBwKhBlq97s0qmNCtekRniKn/bvpe4t5mLbw0RCYhkqksgkQCmQKhbpC0/mGTRhw0/NWod7a8NkNRaI0RN6HbRxVd2IJJyKZglaxLW0UCWHxieem5gh/Pfrm99tRWvRpcCzvz6SfxREKmXCTtgzcJE6K5cUgEnoKxeIb11Ox3240KT/sJ1wXmoqBtO8n5GvsbdGL7vOiA9jyYs3SE/JavfXEQ0Tf/pZgxZvGXOdGyE0DRvQRis1C2hDdaYjkpcTOG+e1lms4FI2KL+KN2HlY7851eVZNZ6r2qYRcC6SOSpdd/CBMeHCHrg1nRuycu9QuIvZbf8YMq4H8o8vdXhD5w+mMUCwXPphz3fXLEKLjkcQri27AbI4KQcQlROiGokNKOdDdKt3wN1AOYp9CKFbOIEealhMIC54juvGVGLbpvGBnTGRfig27K+WVf8W81F/YeIRiFenKYDAtRx7O88HM/NSbiPi1v5ecd7VM+1sUIzYuS2XBskbR9CihWFMx/Xe9HH3GK0CIAqY9+nPfi3Xku8TSJJo2N4oqhRClCqF8iDVrMTxCoQ9GltZxYVVeM5MIC0W76LYz4sx3bcI3HeSkxTol5DT4VoSDmq0Pu4T8y082If5vGmG9QKzon52IzCTvwsV5E0/Iw0h/IrCI4ZNXurmE/CuIM6URktDSwUWM76XRkk34ZKl5iF4vbkTcVI7QOAoSisUZZsJC68VpszPLFwT6H5vwH7vRCuf+m44p1lo48jph5/8nMp8hjBI+CRMWiq2Nb83Ay6N/XhDCDduyo3B18yDYPLmytgOEIl2Fp2AsXUJR8jBCiBkLfhuijEG+LLpvDRGa610pL/XqGkXeSZVAPmxunHbMN60IYER1NfBl2IaN6WBNitBNiYq8k6LidEa4dIi6PvMbA2Gh7v8CzcPOuT/YdFduxFonT46b2oQifZOPcDrrEe2G4ZTipclCreJpy98udrf2JQn1gxkh3z3tKOFK110sJBkBIdbTmUKET05HxZZvgXWwuc6/HhyQ46aKvJPiTzaZzVNy48IkMab4YsSP2Kr7c8b5uTEV7Cs82Q+CK8JthV/NNyNcfnmZsMgN6Mgr07+1fvmPcFHqyDhxCfnvp4Wkb7Tq9tqov/YUQ7TrU+ILTyX/8NrQJRRbvvBdaVJ0y66mHJ/np3bNIJWlFWcxQxFtnHzSn86GJmlC14hLxBdkjdg+dghl/1T6L3hoOGUHi2shOb5AQlVdkpBU34iwz/m57KjsoXXIKq8soV2+Ldm+IDkubWITyk5DpUdGg92LqVxLEe76XV/oSY6s3SeEstnQJXwTU3JzCgdl9zpytZZduCkA2dAmxAuDlLaJnxBNxCWnC5G1Ic6IiFB+exkymrrahCF80Vw6bMEQ4uV9RbJzItexh4MmYrS551d91Dx3ayLZrYvw8zVK7lg6lNrZgvzxAQhR8+9e5Rfp3WFQzlfkA42d8QvYiNJFGyH0Uo48ISq+ldyZ9GW0sT2govpfEEJvsUO2pkHpYhURylY0iHDPGVHrEIJw1vzvSQ8NVTVKLmVzShbCiTukIn9fmCT5P74+zikCj8tGFf3zg0g2WZC6TXkPQOgEU2jJBxpF03KKfLKYBVNgyQca/PiQsgqwY54XamAlH2jwYxmKbPtL1MuEUH4a4tpbOQDZcjSLiQgwDXGbr0A4u5fzQTWG2FDTWFUgnD0bN4VwUtQ/KfJZFSuDaAriXKiogbgKlgab6wvynZMt/QDkMgruxGCDTV12AcORfgZyGSxNn+xNYHz1KbqS1J7ZPulPYa5DpGmzElxKPU2+G/AGNYa6ki2QvAiSB11pQ8CLKUDlG0x0dwWSc3wCMCKoCeEFYESYEsQnYCtqskaENmEPnHAYP/iRt8Yxin+TyEc+ktQDqtpmipuJNUfuP2IgoU2oTRTovxk9J9YoohIClTKz4QyBegufaEV47WcK4c8URphy2yeU8eUXhCMXpRThP9MUfVsd/IwFVJeC9PgBUf20FuGjeSl0UCC9xRF8gtVpHf8oBEiLNNJ3MqNC/aH8jZmo6PF0NLMjPcxkUc2gHn8VYL00qph+eJSUKOpZDKS9CrIiHJFQGwWdKIjaxyCr+lEJIMJHGSxrB+bOTFR6QvVGlcjnyhhk9RWxj5KkS+frMjIC1BSQO6R0cVlxklFTiO+uyT9OEyedeS5CLaxRxnAG8qRCnFhXGH/JDBA/MqTkskmIRJrGsrz4FG5lLaL2MSLMJl04Yog3GcUYW9YOfupL+pmoJOm7Cf080mg304UnizzXllUwJdL2VDUBUFWhO/CA8G41iBC+f/JJm6hqLCP+VqZ/X/yQMCLMMNQgaSpR1FdH9jeyBCQPeivSn5hJka6qIca6j0+tZTsNd+wn2TOM1oiwps40suV7JVNCsrmZAvGRmSTpu2qSMg2lZH8MBeBjT8m/5QcStlcdwmxz/g8kJJ/nVoQ/i8+oH0ho7zFICOHXTGf6gYT2J4EJYSZrNY5+IKG9cwQhzGglA5+SakxqiYS1iZHZaa3t/uxzwDI7KiTIGN5fLyYCquri9f0wm1jubI1hE2ZTuLXHCwsL83e1eCvWanfz6D3jbH79qo9Q+lOkNFUPHs8jPZ6/U+mMNfVu3n4Lx5Fu7HL23nP2VMigrKmekNETxisKY029mvfewXNUCKPcDb8cQnA31arH7vAJ43aIsaZuzy/43sBzKhib3D14HELYaKrpRnvHB4i0sOBnRHwLC4HvP37fNmALj3YuQAiT9DWMZlnGcFe9DwISxvcOY039EuLDiPe13YlltQ0gUG9DM5dQaC8zPxxm6+3VPt49zy8uLl5HADHj4y+/19Ta718eR/gw4jX6uS9XH97uDlEa1WX/4t4G7d4+URJrlgiu3dt9a7Mt5okqNAjEuPNhh8o3v1Cxf5Bc4vkHdaxLuS35CHCQULCF0lFJMn5752NzVJmPgizkrj8tf7rOUb4zXwn8NL7c8zt12G4LUrZXI4QCKVEz2vr441U+DBeDuJB7/Wn50U+Plj+9DjOGAT3M/J06MUQorVyEMHfAZ0TNsIa27ShjsxVEXHj9DvFhPVp+9/pxEDD2Gnhu3tV6Fucm3MYRhZBnQQpZb/jheRId0esFH8Rnh89m/OzDX3idfBn0e67eTiweS1q0fRPZ6xrd6n18nkYXQCReOANEyuevXcY0QIfyStWZT8z2b2DqI2Q7oksz9LMrJjwPcWH+Gv2z8mrZ41t+heedzcgEaEPe7RpsU8m/k7B/D1qGeyRau/cxz8yHKRZsPoz4l0f4lxNYEOPCNfvFUHxVDYYZGThyxk+YmvW19uQDDx7h8ggqz1wjLj/zQuc1LYgmQeY/Kql2DJwyG9gLOsWIhsbNF4T91Yml7zixQoxvU+Zj8NSgAGHiTNQsNS/Dh/WVEH6VASSMZ4mH3iXs550UTo3elSwfCjbYiI9eSRIixruEujW4nXeI8H2sEa0zaQN6seYvaUI0lnHsbAwd4hE6GyHuKCvrozyfly+W5Y2IGGsxTbsROoglRBjTCVsfAADzFS9bABDmF1Uqom8HYSph7oT2Y20IC+Yr79yqRi6YulqkOpwVPlo2cs4M5eRKfRcCMJ8PFG0AWqTcIZ/1hbGEx9Fg0wYZT+UPX+X9B4gRn0fnVPTsteh5T5EVG+MtiAkrX302lE2JthYjdz3CYYZKGAk21nOI0VQ+L/sIfXWbjK5CY40co0MlDG98rfVgTPirv3t69CuMEUOrS2znroUrG70G76Rgbhp80IF6oiz1/MNAg2LA5MJnywHC5WcAF80vfvAnDPbzD4Px1PoCMRZ/JP0JpjjF+uKfUexnWAZWpTKZhplMRJ5zSHO52VPJ+lkW0/Cnn17CEM5yG99Zsr6FN5hp6KtJIWtT30TUdL7zgGfHycJkw9BKG3ZTmMt6GZGWKBIJZ+dyw4wkFEqhgmk+ryVOwiRCZ9FG34NxUgohjJvaT+CKnK2e65MwpaswhJ8jhJ9hCFVsiOjJlSyEKNpocIHmVWQewiREEmo0JSbKpBCSpTegQDPrfj1CkC44n0cdlBY9XpWREAdUHWQY+cqnCOEnGMK8ocWG0XTC3El1CNPeh0sasKIGhZpq+GxVHsLcEdACRuW3SMb/DYhwN7www0eYuwIZhv+ujCuAVVOiLykEaYQ5kM4iWpZCdYj5+zSAVEIYxGhZClSYpgIyEMIghgMNUGGaDshCCIIYLmlQUQNwVQZAJkIAxEhZCkLIAshGmLuXHEq08IYovZkAGQllEaOFN0DpnVCLChDm+nKEkcJbnpARkJkw15eZjDRCueaiwjpudkKpeBNtLSSbC7YpyEsoMRmjrYUcIQcgF6H4ZIy2FlLNBesU5CcU9tTKb4CEPAbkJxT0VEprIdw+cQJyE4rF1MpLCqHQqjd7DBUmFDIjpXkSa594DShGKGBGWvMkQMhvQEFCATPSCLkfyOAKoZKE3EE1Gkq5CQUcVIqQ01VphFwtsJCDyhEiV2VnpDRPXPdmKmIOKkvIzkhrDzkaRBk+SUJWRlp7yEwoxydNyMZIa54YG0RZPgBClphDJ2RoEOX5QAgRY0p+DD9qwkgomh+CAiHMpTgrrQFOe0ARwnxEUITYkLGQtAY4sQWuwJiPCI4wF++ttAY4/g5i5R7KfESghDkMSRl2DCGtBYa0ni1oQqz7sL9S7h7SCL/AGs9RFoRI/cCspBP6m/wKsGv6lBGhrT6yJqaovFx+FLnL/WiZ3CNFbJnBEWVK6Oj+/tmrd+/+/Our2+l//fryz3fvXj27B590FP0Pib3Mu0Hy8fAAAAAASUVORK5CYII=','martin.lebowski@gmail.com','Martin','user','Lebowski'),('fc02bd99-629b-4fa6-9e87-ccde30aef5a4','data:image/png;base64,iVBORw0KGgoAAAANSUhEUgAAAMgAAADICAYAAACtWK6eAAAABmJLR0QA/wD/AP+gvaeTAAAACXBIWXMAAABIAAAASABGyWs+AAA52UlEQVR42u29d5Bcx53n+cl8r3xV+260g3cE6CQKpETRy5AccbSaGY00mruRqBltxM7E3l1MKEIbt6eN2I25iDMbd3ETYzS7o9AuKcpR1EgiZUjQiaADSAIgfAPdcO19d3n3TN4fr6q7ulFotK8qdH0DD1316r2X5uU3fyZ/mSn+7j8fV1SxNpAaWiKM58Pfor31Q4zJAVajsl11rdj3/ymZA/8KK9gAtlXqkt600EudgZsSQiJsE8/FY7jefAaz5z2yRmbVHm+ER5Av/SPe7iOYD32V7M67UZoLlF3qkt90qBJkVSFACFzTQ3gOP4c6+gJGbHJVpMZ82GYWu/sw2mAX/rt+n8x9f4LZuBmUgjVJcWOiSpDVgpBII43n7CH0Q9/HHOzCXoce3UqEEW//EM+l93E9+FUyt38a2+MHuypNVgNVgqwUQoAC99AFPG/9AOv062QziXXNglIKc6gb7ef/B77zb2M89DWyHftyeatKk5WgSpCVQEq0RBjvsV8j3nkWY7K/pMqNlU0hThzE1XsK/d4vk7n7C1ihhqo0WQGqBFkO8kZ49we4Dj2NefEDbMsoda4Ax/owp4eRL/0jvu7DGA8/SXbXPVUjfpmoEmRJcIxwfXoI77s/RR19gWx8qtSZKgrbNrEvvo82dAH/XU+Quf8rmI1bAFVVu5aAKkEWCyGR2RTes79De/MZzMHz2BXQ0KxkBPHOj/Fc+gDXg39G5vbPYHsCVWmySFQJciPMGOHn8bz5A+zTr5PNJkudqyVBKYU53IP8+f+J//w7ZB/6GtnO/VUjfhGoEmQhSIkWn8Z77FeOET41WNEjDLaRRp18OWfEf4nMPX+AFWqsGvELoEqQYhACYZl4Lr6P642nMS8dLRsjfKVQgBkeQR78J7zdhzEfepLs7o+jdHdV7SqCKkHmQ0r06WG8b/8Yjv6KbGK61DlaE9i2iX3pKNpQN/67Pkf6wa9iNXZUpck8VAmShxAIy8Jz/h30176L2Xcatc76eT41sY5pWqko4t1n8faewvr0vyaz7wGUpldtkxyqBAEQAplN43v7R/DmDzDWWWoowFtfT+ejjwIw8PLLpKedPKwHWZRSmAPn0H76n/Dd9xXSD3/dCVepqlxVgiAEMh3H9+p3Ue/8BMvMrlvSCvDU17Pl8cfZ+xd/Qev994NSjLz7Lhe+9z36X3qJ9PT0ukkUKxVF/u6/4U1FST/6l9j+2g0vScSGng8iBDKbwvfiP2Af/im2Za5Lsgrw1NbS+dhj3PKNb9B6//3ofv+ca8xkkpF33nGIcvAgmXB43YgipYa45w9I//43c5Jk4zaRDS1BhGXgf+uH2Ed+ti7kmCHGZz/L3m98g7YHH7yGGHnofj+dn/0srffdx8hbb3H+e99j4OWXyUQia04U27aQH7yAL9BA8jP/GqW52agh9BuXIELiPXsIdej7a65WKcBdU0PHI4+w79/8G4cYgUDBBYr4wABXfv5zALb/0R8R7Ox0wlr8fjofe4zWBx5g+NAhuv75nxl6/XUy0eiaEsW2DMTbP8K9aTuZj35uw0qRjaliCYlrahDvM98iO3BubZPSNDoffZT9f/VXtD/8MK5QaM7viYEBLv/sZ/R8//tMnj4NStFw++3s+drX2P7HfzxDlDyMeJzhQ4c490//RP9LL6GstZ1uq7ftJvO1/xezacuGNNo3JEGEsgm8+PdYbzzNWr9yd00Nj/3qV7Q9+ODsSaVIDA1x5ec/p/vpp5k8dQrbMGYkggKkrtN4xx0OUb74RQIdHXOIMnr4MC9+7nNkw+G1rStAu+8rJD//TZTceArHxiuxkLiGe+DEwTUnh5OeQOqz1ZyenOTST35C91NPMXHy5AwxCtUlASjTZPz4cSZPn6b7mWfY8+ST7PrTP8Xb1ASA1LT1cQEDnHoV111PkN16+4YbSNxwBBHKxn3yIGZ4pCTp97/4Ioe/+U2sbPYaYlyTV0AZBuPHjjF58iSuUIi9X/864DTc9RL9VmwC14cvYnTuQwlZknorFTZWaYVAi47DuTdL5pOx0mnsHDkWnW3ANk2sVKqgKGLd3L4K4MI7aOFRqBLkJoaQuPpOY0/0lTgfTtNWXF8SLPRbKWBPDaH3nZpjB20EbCiCCNtEXjqGvY6j5Qsh0NbG1ieeoOHWWxFy9lUIKWnYv5+tTzxBoL3dOZc7n4ey7XUlj7IM5OXjiHUaTC0XbCyCZDOI4e7S98pK4a6t5ZN/+7c89stf8plnn6XxzjtnJEb9bbfx6Z/8hMeef577/v7v8dTXlzzPChAjFxFGmvUNpywtNg5BhESLjaHCQ6XOiTNwWFdH08c+htB1anfvpmbXrhmC1O7aRe2ePQhNo/ljH8PT0FCkPOvfSNX0EFpkdEOpWRuIIAItNoEog/kdAkiNjnLlZz8jMTjIwCuvMH706IxXa/zYMQYOHiQ5NMTlf/kXkkNDTp9d0DCVba/76LZITiNj4xuKIBvKzWtb5pqPPC8KQmCl0xz7m7/h/H//76QnJshMTs4oLvHeXt748z/H19xMvL8fM++9KiCEkHLdG6pt29jVcZCbF7atsMoopshMJglfuFBUo89MTZGempozuq4KGud6unnzUArs8qm+dcHGUbEAmzJwm6q561LdaKDwmntLmXXKoP7WGRuKIOUAb3MzvpaWRTe2/HW+piZ8mzbNnl9nN+9GRZUg64ECW2Hz7/0en3nuOfZ+/ev4mpsXbOQK8DU3s/fJJ/nsc8+x5YknZh+paYgNZCyXChvKBikFlGWRnpiY+a55PLQ9+CAt99zD2JEjXHj6aXpfeIH01NwlTL0NDWz9/OfZ8+STbPrEJ9B8vjm/ZyYnsc2NNWhXClQJssYw4nHe+9a3mDx5kl1f+Qo1O3c6Lmevl7aHH6bl3nvZ/dWv0vP979P3618DsOWJJ9j9ta/Rev/9aB7P7MOUInr5MpeefZaLP/whRjxe6uLd9KgSZB0wfeECR//jf+Tij37E3iefZMeXv0xw2zaEEGgeDx2f+hStn/wk4x98AEDz3Xejeb2zD1CKWG8vl3/6Uy489RTh7m6UZW2g8ezSoUqQdYAAsG2mu7p4/9vfpucHP2D3V7/Kji99idC2bTMSpfWBB+bemCfGc8/R88wzTJ87h50jRpUc64MqQdYRAscmmTxzhulvf5uLP/zhDFGCW7bMGvNKEe/rc6biPvMMU2fPYptmlRglQJUgJUB+xuDEqVNM/ft/T08BUQCuPPccPT/4AZOnT1eJUWJUCVJCzBDlxAmmzpyh+6mnAJju6qoSo0xQJUgZIE+UydOnZ75XiVEeqBKkjFAlRfmhOpJeRRULoEqQKqpYAFWCVFHFAqgSpIoqFkDVSC8DzI/orRrr5YMqQdYAat5fcER1vuGL3Het4HPetWvnjvz9+e+qyAHXLllaxeqiSpAVYH7PrwEunEr15Q5v7sh/dhdcozOXIJJrCZH/bgAZIAukC45U7sjmrjHgmjWHq8RZPqoEWSQKpYJklgSh3FGTO4K58+7cNXkpsRawAROwcAiSyB0RIArEgRgOkazc9YVSrIobo0qQBZAnhQT8OASoAxpyR54MeUmw3pA4RCSXj9p5eTdxCBMHpoBJIJz7nmZW0lTJcn1UCVKAQr3eA9QDTUAz0IhDCBeV0aBELq91uaOTWVUthkOWcWAChzRZKMk21OWODU+QfKPQcKREC9CGQ4w6HKLcLJC58nhy5duLY9dM45BlOPc3SVW65LFhCZK3JULAJmAzDjmCOGTZKPAArbljH450GQP6gVFmybJRibKhCDKzhA4OGbbiSIsaqiOm4DSG+tyxG8fYHwJ6cUiTYeOti7VhCKIQBCyT/UqxHcem2DCFXwYks2TZg2OrXFGK85ZJnPVf1bGU9bABINCzSQ6cO8QnbItNVMmxFLhwJO29tsWBc4fQs0k2itK1IdqJEoJt599m78mDa58WxQf67Hm/FY6WX09tKZw4VTiYmP8rmTsKXzhavxYQwN6TBxnY/XEu3vFZRBmtc7xWuOkJooQgFB7mo4e+jycVW/nzcBq3lTvMIkf+92IhIrB8Pb5wkK/wyIet5AcwCw9X7jeN1Zmp6EnFuOvNZxjdfBux+jbETb53+k1PEGmZ3HbkZ7T2nVnyvfmGng/hyBYceQIULohd2PDXoidfiGDF0i6UNHmyuAuOPHmWmtdNfWe4/chzHHn0r1Dy5vb53dQEUULSeeUD9n/w/KJ6usKYpzSzsU8mc6XA9RpUKbXyYmkrZiVdtuC6PHHypPHgxIl5ct9vZJgKZbP/gxcY2HUPfbs/cVNLkZuWIEoIfIkwdx16hkB0ovg1OI1/ftCfxfXJcD0SFB2FFgKhSYSuzfzFpSNcmvNZStCdHlhIiZACZaadTX5yG3EoM7eTlGmjcgdW7rNl53aaukE+5n0vJE4aJ/RE4EgTNw5Z/MwSpliZ/bEJ7jr0fcbb95IK1N209shNSxChFPuOvsDmniNzziscEiRzR4q5EmKx4eNCkwivG+n3oAV8aLUBZGMNem0AGfSh1QSQDUFk0Id0uxAuHeHWEW4XwuNCuHXQJEITKCvrLBpnm9gTl1BmxklDulC2BNtGGRZkLeys5Xw2LWzDwk5ksSNp7HgGO5HFiqexwimsWAY7mcVOGaishbKK9/KFG/SYOBI0gTO6ruOQJYBDGPe8OunseZ/9HzzP8Ye+VurXvWa4aQiiVMH+fVKyaeAsd7z7LNIyZ15+Eqe3TOE0hIUIMfObFEifB602gKulHld7A3pHM3pLHXprA1pjDdLjRvrcCJ8btJxOLsTsQomFD81/y/+JjqAyOQlnGZAaADPtfPfVo9V1zOZsXmad0Qjl7KuTf7alUBkTO22isqZDlvE45lQCcySGMRbDnExgRdPYafOaTXkKCZO3u2LMRi8HcQijA9I2uePdZxnYeYCRzbfPUbXETTKkeFMQRJcWIU96pkHKTIYDbz1NaGqQJM4LjjM7V6JYyLfT1EC6XWgNIVxtDbh3tOPZ1Y5rSwtaYw1afciRAi6n2lS+Uc5YzwW7Ryl14yZiW6hMDMycBLGM2QMgEwfTAM2Ve+bc24umIAXC70Lzu0GA3lYD+1tn1TTDwo6msaaTGMNRsr3TZPunMcdimJEUKmvNIUn+s8lsCL0LhyghIDg9zIFDT/H+n/41lseDQJG1PcStUKmbxaqg4gmigL3No9zV3jtDEPHKUcTZNxjCURcKt+2cTw5bCLIenViNj6aP7aX1gTtwbW9Fqwsi/F7QciZrwQZ911NXlgZHtVJGushmnM53ZWZRZgahuVmSc3g+cfMfpEB4dLSWENqmEO5bNhGwFSplYMXSmANhBo72M35mhLp4Gm/GROYInydLXkWdwglF8QPNXYf4vUtgP7QbgWLKaOTQ1GPErVDFS5KKJogCajxp9rUMEfRkUAhUMsPUK28TyWSwKG6s2lKQ9LuZbgwy1RQiXO8nFfBw/2cOELhrn7OTq8IhxTwySDGr7gjyQmMR0qIYsgmwF9gER1nONZ7gkh8tcHgnhJiVdOSLpebwTfhd6H437vZawgEvb7s9BFIGjZEkzVMJmqcTBFJZNHtuOS0cqZLIGoTePk39J5oRfhdtMs0OfzenY3et7gsvASqaIALY1ThGgz+BnbdBvG7Erduwj/fMJYeUyPogIyE3Qy0hwvUBUn43tpQ4kVq5hm4V339cCIFhWlwcjnB+YBqPS6OzKUhD0EtdwI3PraPrcpY0edvgmuc4toOtbFQ2wcKOY4XKJhDKRkpHktnXfSYzW7IZliJj2kwlLaYSJgPhLCNRg22NHj7a6afBr819zoz94mTe1CThkIdwyMuV9noC6SwNkRRbJmJsiachkkLlHpCfR8+uZvC6UEogsdntP0dvaicRs66ipUjFEkQpQb0/wZ6mUaRQs0a6Jgk9fjfxN06S6R9D6hqeHW0EP/VRrFu38vYHJ5mKJ51GpViUe1IKwXQiw3PvXOTVE/1EklkE4HXrhHwuGkJeOhsDdDYF6WgI0tbgpz7oIeR143bJGamjFIxHUwxOJtjfEURmU9xon1tlpMDK0jMpkAK2NXrQpXOPrRSmrYilbCIpi8FwlsGIQe9UhoGwwVjMIJq2SBk2lg1uTXB7u4+/uLeJ29p9C26aK3KkUQJifjdRn5vwtib23r4J/+Vx4oevkOmbxjYs3M1Bgg/sdNRRW6EQNLgm2eU/z/Hox0vdVFaEiiWIFIo9TaPU+ZJzPFjYCr2zmZrH7ybxXhc1n/s4vrv3orfUE4nGUB+eQSi16HhUKQSj4ST/9eBZ3u0axlZOj62AZNYkmTEYmU5ytm8KIcCja/g8Og1BDy11fjoaAmxpDrGpzkffeJxXT/YjhOA//eEt1NnZG2fANrGzSZ4/bfDelTiP7KnhwBY/0bTNlcnMDCkm4ybxrEXGVNi2mpEmeekiBZi24lh/ktHYMP/2wRbu3b441U3kvGRKE2gdtdTsb8H/ye2kzgwT/10P3ltacHXUzhFvAsUu/3mupHYzZTRWrBSpSIIoJWgMxNjVODZjOM6BEIT+6AFCX/gksjY4612y1ZJsXSkEg1MJ/utLZzhyYTSn0xckk0ur8Jxh2WQTWcKJDJdGogjhPMfj0jBMG8OyqQ96mJicpD50Y9tFKEUyHqNvSjAcNXj22BTPn5rGsBTOGKJDhhmbA9Dk9ckvBQyEDf72d6OkDMUje0JLiwCwHdVR1vsJPLgT30c7yRVy3oCloEYPs9t/jg8i9+WU2MpDRYa7a9Jmb/MIIU+6eANTNtKnI4Mex4VqGY4xbOfHyBdRMUIwMBnn7399infPj2Arp2e2bYWV+2ur69sZUgg0KWbUq4xhYSuFJoUjdSYii8qLEBCOxhmLZtByZMyYCls5bdJJo4gjLF8VuX7ByuXbyg2aDEcN/uHQKK90RRe0guY+DJSynLq0DDANpF9D+rSiRREodvov0Oger1iCVJwEUUrQFIyys2G8uPQAVDqKHR2h0AAWgJ0wULZ14zSAnqEwPzh0gfFIik/e0srmpiCWrQgnMoQTWWKpLOmsRTiRIWNaOYeXnSPO7LPyvfqs2wuUrRaVj5n8WBa2ZaFmhgaZN/wym6CUApcUKKXQNUGtTyfokQQ9GiGPpCGgE/JIxuMmfdNZnj0+RdZSfOaWGvyuGzViGxUZxDasArVWgcuHrO2EeYGLCkFQi7E3cJYpowlbVV5/XHEE0aTNvuYRAp7MXNsjD9tExcchm5wfGIUy80El14cQkEqbJDImX7x3J631AWoDbtyadGKYcpIjksjwzMHjPHeoG6/HxR8//BG2tzcyFc8wHc8QSWaIpwxiKYN4Oksqa2GYjsv49jYv+zZ5FiXLbAXNfpuHtwh+dVliWAq3JvDoEp9LEPRo1Po0Gvw6tT6NOp9G71iUnx+5QjJjcOBAJ3/5mZ00B91ICZoQSOl4r5NZm7GYwXTKYjpp4q91L5wZBcrIoLLG3LybGZQnhPA3FL1tm+8il5J7Gc50VJwtUlEEUUrQWhNmW8MEqOK9nUpHHffpfJ0jr6TfMA3we3Tu3N6YG0NQFA4baFLglpKXz17lO794m0jc8UTV+TS+++++REtdENt2bA3DtMlaNhnDIprMEksZCBRb3GFqRYLFxve5peKrd2jcc0sr8SyEvJJ6n0bQo+HWxQxhdE0wGknz56+dpKd/HAQ89Xqc29r9/A/3b8fKD3Tm1LOQR1LjddZtsRfbbsXMf3MqTSUmEd4akHOblELglwn2Bs4wnm3BUhXV5CqLIC7NZF/LMD5Xtrj0sAxUYhLUytfhyA8AFoOtFEcvDDAdS6FrEqUU566OMTgeoaUuiAJ0TeLSJP5cg2qt8zveLyuLOT6JMpaQFwQ+Mhzo0BEuXy5/as5Aef7zwGSScwMRx3AXEEsZfHB5ii/fu+2a/iE/FroaUNkkKhVGBJqK/r7Fe4U2zyD96W0VJUUqRilUStBeE2FL3VRxcgAqFUYZaz9fWgrB3s3N+DwuLNvGtGw6W2ppqg3MIVW+ASrlqGWWDVYmhTIX4d6dXzbLxMoknWfk7Jy8c64wFKy5xkNnQwDTtrFshVvX2Ndes6Bna3VgoxJTs3FkhXlH4JUpbgmcwS2WXvZSomIkiEc32NcyjEc3riM9stjJqdXrEheArRRP3LuPgfEIvz18noYaH//2Dz9Je1MN9o3SN9M5CbfkVFFmesHe11aKjgY//+GLt/F3L15gOp7ls3e28Ucf38Iyg2GWAIEyktjJaWSo5ZpfFYIOby8d3l6upHZXjBSpCIIoJaj3JWkNRa5jewjH7siHia95fqAm4OGbX36QbzxxD25dI+j3XFclK7gz571atGN1Lhbp+Xr0jjY+sbuZrGlR53eja2I9+g2nXJkoBBqv8WgBuEWGzd6r9KZ2oCpEeamIXAqhCKf9jCdC+RiIeVAIlx+hrd9CoUo5LtWGGj9Bv3sR5MhhCe7da+8tnAG/cN5qfDpNIQ+aXC9yAAiEJ1iUHACGcjOU2YxdQWtXVgRBANKGi66xNrLmdYSe7kEEGljvmeHqOoOF17l6mepV/nZr0ZEAhVNT1gvC5UX4irt6BYrhzOaqkb5WEEIxEKlnIFKPEMUrWPjqcl6eMn0BihVKkMVHApQCwt8IevGxlKzycD5xGxnbW+psLgkVQxCArKnTNdZG2nAVlxOa25EiolyLpRwpsOzb7ZVJoDWEcPsRvrriv6HoT29lML25oqQHVBhBhFAMx+roCzdexxbJSxH/tfrFajr9lwulcnbEskpfRgSZN5lECEd65KcGz7s2bfs4H78NQ7kXm0DZoCK8WIUwLI2usTY6a6fwu4xr+yOpIwJNBd6iHATO8julDJqbaeDLy4Nj75Q47E9zI1zanL5GuHwIX23RywXQm9rBaLbywkygAgkihGI0XsPV6Sb2twwXv8ZXh+YNzbtPIN1xkJdKl3llo1iJkV5IsBI0NiGRdZ3IWvdcAS5kUbVWoEhYQS4kbsNUekUSpKJUrDwsW9I11kY86ynemwrhxARdc6zllpo3ghPXtfigpyIotYolQAgNpGtuvS5g811N7WI8u6kiyQEVShAhFBPJIJemmiur2lXhLujLesDKvGCrV5AbXiFQxKwaLiRuxaqgcY/5qEiCANi2pHu8lWjGu6TeKb+YQl6fzx/rAmWtcByElXnBFpOEus6Ri4hcbE0pBJeSe5kymipWekAF2iB5CKGYSga4OLGJuzp6F3mPIOD3YZnWzJxtmA38cLnWuDrsxQ/0FcdKvGCLejpul0ZN4FpvlFIQ9LkWFfQoUITNBnoS+7GRVYKUCjaC7olN7GgYp96fuO4cEQCUIhjw8fjnHphZsmY+PN4lhIwsB2pxoSILP2PtJIhSin1b69jWVmRVRAVS0wj4dFD2gpacQtCTuIWwWV/R5IAKJ4hAEUn76Bpv5SNt/QvPh1KO1AkENeR152+v8ctcsf3gBDuupZvB7dLwuIvbDEpoZG0P2QUcDQJF2GjgUmpvbopwlSAlR9dYO0MLhKBAbhNPV4b7t/cQcmdK89pWo/dfh3CT4v2EImu7eTf8MNPZ2gU6I0XW9hIzayueHHCTEMSwNCfSdwE4y5TqWLZk2eHmK8IKQ91nHrMKz1gmbCTTZiPj2aYFOyOoru5edrjRC3OuKfHerKvhorVzS6MuYn79WkCgEELdNAS4ESrWzVveUGBlC1y6IucrXQUP1Iyalt98xM6ltTEa7HrjppEg5QNndqMKDzijzJ4gwhN0tjBYLQlimSg7DZk4KhsHM4uo60B4aijncPhKRJUgqw1loeLjucUjgEwMJTWE5nG2WluRkidQVgZ7+qqz8INdsM5XYhLhDpRxqH9lolqbqwyVCqPSUebsSm5bKOMGe4EsFrblzL+feZaTjkpHc+lWsZqoEmQ1YWacVR2L2hqraVQXeVZOchVbdqeK5aNKkFWEnZxy9vMoAQQCYSQRmUipHFw3Jao2yCogv2uU9AbJZJLYmThuOXfJ0jVLO5d+ypIMpb14NI0G3carC9y6zC1aV+oaqlxUCbIC5Lc2iKWyXBmNcn4wzKWhKax0nPu3efhIh5eQR67JbN88MZKm5OSkzsGrGmcnBbo2TYM/ytYGD3d2+Njf5qOj1oUrtzZWlStLQ5Ugy4AUAstW9E3GOHx+hPe7R7kyFiOeMrBzG9p80Jtgf6uHT+0OcFeHlzrf6hAlT4y4KTkx7hDjxJggnlUInPkmI1GDs8MpXjkfpTGg8/FtAR69pYY9LV68LlGVKEtAlSBLgMiN9/VNxDh4vI93zo8wPJWY2fJMCGd7AYCUqTjan+bMcIa9LW4+tTvA3Zu9NPi1ZRElT4yYITk+rvPSVY1TY4Kk4YxsFwZg5ne+spViLGbwwukwb12Kcc/WAF/6aAO7mj2lmrRbcagSZJGQQhBOZHjlRD8HP+yjbzyOQiGFQBYJD8436KylODmUoWssy+4mF4/sCvDxrT6aAk7E7I2Ikn9O1JAcHXXx0lXJmXFImVxDjKL358JrwkmLg11Rzo2k+eJH6nlsXw0Bt6xKkxugSpAbQAhnGvmZvkmefesiRy+OYdo2UoglbAQKpqU4O5KlezzLKxcSPLzLz73bfGwK6jNpzEk3l3Ykq/H+qM5LVyVnJyBjzm4JuNRyCKB/Ost33hrjwmiaJz/eSHutq0qSBVAlyAIQQpDOmrx8op+fvt3DWCTlSIxl+lGlcHZ2ujCe5dJklle7Ezy008992/201egzapoQMJ3VeH/EIUbXBGQs5/6V7mIghbOP+ktdEcbjBn/1QAu7mz1VklwHVYJcB1IIJmNpfniom1dP9pPOmssmxrXPdiTGpUmDq9MRXr+Y5P7tfh7Y5sKb1jgy4OHVXo2uSUV2lYhRiPyjjvUl+b9fGeGvH27htnZflSRFUCVIEUghGJyM892Xz3H4wkguunz1R99kzui/OmXQNx3htW4JhqA3LDFtterEmA8hoHsszf/z+ijf/NQm7qiS5BpU8Ei6QAiJUjammcG0MjN7hq+oQoTg4kiEv/3VSd49P+KktMYj03kSDEUtLk/PbvG8HpACLk9k+P9eH+XMcHpF6Tp1L7BtC6VshJCICg+erEgJIoQgnYkxNtHN+GQ38cQEAHU1HWzt/Di1Ne3Leq4UgrP9U3znt6fpHgqvmkq1+PRnpcp6p3tpIsPfvTHK//rZVnY0Lc8mCUeH6Rs4RjQ2iqbp1IRaaWnaTUPdZjTNtX7LK60iKpAgipGxLi5cfo1wuB/TyiKlhkv3kkxNkckmuH3fF/Beb26EUEVX7pRC8OGVcf7hN6fpG4+tOzlKDSng/Gia77w1zrc+08qmkD53v/cF7hVCEImNcPTET5iYuoJtW1iWgRACr6eG9rbbuGXXp6iv3Uyljb5UHEEGhj/kdNcLpDNOSHko2MKOrffTWL8dt8uPEBJ3kT1CBJAxdSYSIWo9c7dqk0Jwrn+Kf/zNafrGYkXHNTYCpIAPehN8951x/peHNxHyygJpJhgz2ombwWum2yql8HpquPPWL5DNJrFtk0hsmCt97xGJDnP56rtMTF7mY3f8Me2tt1NJJKkYggghCEcG6Oo5SDoTnemd7tj3B7S23Jq7Kr8PePEXkLF0jvTtQJcWW+umUORsjuEI3/ntaXrHNy458hACXu+OUu/X+fNPNOJzOYtcDBrbOTL9ACmr+EqWbpef5sadM98381E2Ne3h3aNPEYuPE42NcOzUz/D76qmv66wYdatiLCjbtukdeJ94YiJnnEPbpttpaboFpezcsfAyogKIpn2827uL/kg9Ugp6x2N858XS2BzlCkvB86en+cWpMLZSjJhbeGfqYSJGzQKLNaiC9+AcTY072b7lntzYjiQaG+Hi1bexy2J94cWhIiSIEIJkaoqxie6Cc5KGum1IqaGWsBiCEIpwys/hvt1MRj/kuUOnOd07WSVHAQSQMRQ/PjqBy9uC3vIQYaNuySuZSCFpqNuKEPl3JBgYOsmubfdTX7d5Se+tVKgQCSKIxcdIZSJz3LjLdelKCcNhm/9ysJtjl8ar5CgCISCWtnn68CBn+seX5f5VKOyCefNCCFKpCBNTl0tdvEWjYgiSzkSwrOzMGaVsItHBJeuyQgiyRpJz3b/h6uBZSrxSVllDCEE8Mc3x0//CdHhgyWMaStmMT13GLlhw21YWU+G+ilGzKoQgYBdZ+HlkvItEcmLRkkQIQSab4Fz3i/QNfkAleVNKBSEE0+EBjp16jlh8bAl1LYnGRxkcPn3Nb5lsoiLUK6gYgihcutfZ3SgHIQSx+CiXrr7p+NxvIAmEkCRT05w69wuu9h8pSy9Kuc74E0IwOn6BD8/8gnQ6dkNJIoTANDOc736NWHz0GlI5I+yVIbkrwkgH8Pvq0XUPhpGkUC3qHXgftzvArm0P4XL5rumZHI+XxfhkN109LzM5XZ76rwI2BbykdBiNpcpw4QVB/+AJdM3Fnbd+gYC/MdfJzNms0FFhswnOdb/M5b4jFFNhQ4GWXGdXjt3BXFQEQZRSBHyN+L31hLOJOb2PZWfpvvwa0fgIO7bcR11tJ7rmxokJMonGRxgY+pD+4eOk05GyjQ3ShOD39mwhkzV4+ngXdhlKOFBc6XufWGKCW3Z9ik3Ne3KDs858d9NMMTF9le5LbzA8chZbWcwniK57aGrYnrunHMs4FxVBEFB4PEEa67cTjg7M+80JjhscPsn4ZA+1oXaCgeacSjVFODpIOh2d8cWXI2yl2NdUx4G2ZiylONw3wrmx8nU9j09cZDrcT22ojVCwGZfLi2UZxOITRKJDZI1krq7n5l8pm4a6zTQ17qgIckDFEMTZXbVt0230Dx3HMOeqWc7vAsNIMj7Zw/hkz5zz5azv2krRFvTzh/u2E/S4AfjyHbv5pyMpRuPJsiSJEBLLMpicvsrk9NVrfrteR6TrHnZvfwCvJ1gxBCnPLrUIlLJprN9Oe+sdC0S7ipkXNPuiyq+B5WErRa3HzRf37WBXfc1MJMC+5ga+cudearzlPdNvfl0vLKEVWzsP0Nnx0YpaiL5iJAiAprnZseU+xie7SSSnyloy3Ai2UrTW+Xnyvr0c6GxxjHLbQiWnwDb5zD4PPl87/+29AcZi5rrND1kLKKVo27Sf2/c9gUv3VIz0gAojiFI2tTXt7NnxaU6ffwHLylDOEqJ4GQAUe9rr+IvP7OOuHc3O9iEAloE9HkWZGQSCx2/1UB9o5bvvjnNxPFP6DYCWU14U7a23cuDOLxEMNFXM+EceFUWQPLZ0HCCRnODi1TdRRTwl5QrbVgS8Lh6+vYMv3ruTzqacLp7vUAtCy/Mf790eoLXGxU+OTXGoJ0bSsCtCmiil0DSdrZ0HuGP/5wkGGiuOHFChBJHSxZ4dn8a0Mlztfw/btspa3bKVQtckt25p4PN3b+PeW9rwurRFuXJtBdsb3fz1Iy18pNPP86emuTCWxrLXb1ru0uDYUQF/A3t2PsLuHQ/gdvkqSq0qREUSBBRul59b9/w+Pm89l66+OTNHpFykiQKUrXDpku3NNTx+1xYevLWdhqA3t6D04huMrcCrSx7fX8OBLX5euxDjxXNh+qezmGVDFIcYbneA9k23snfXIzQ1bAcqY7zjehB/95+PV27uEShlMzl9mct97zA+2UPWSMLM4g3r23KcJUWd6vR7dPZ21PPwbR18bGczLXV+nEa0wAMsA3uix9k96nolzi/wEDZ4rzfB77qjdI+lSRnOg9ebLPnRdLfLT+umfezcdh+bmnaj656KVKnmo8IJkiuEkJhmhkhskLGJbianrxCNj5DJxHM2CuTDIFYbSuUaiQCfW6ezMcitWxq4Z88mbumoI+RzzyHOglgEQfLIEyGSsjg7kubwlThnhlIMhrOkzXx4+dp0EXlSSKHh99fT0rSbbZvvpqVpF7ruvSmIkcdNQZCZwghnPwzTTJNIThCODhKJDhKJDZNKT5PNJrBsMxdqrRxDWOVb0UJNSeX/kb9S0yS6FPg9Opubguzb3MBtWxvY3VZHXcCDpgmUrZYWbbQEgsyUGWfasGErphImF8bSnBxMcm44zUA4S8qwMS2FpWZJurSOwomiFkiklGiaG7+vjvraTjY176W5aSehQEtu1ZKbhxh5VKgNUhz5F6TrXupqN1NXu3lm3ax0NkYmEyOZmiaZmiKdiaETIaiPkUjEMQwDY6YhOZOqJODSNTxuFwGfF7/XTcCrUx/00FTjo7nGS1ONj5Y6P0GvjsytqK6U47FalzIDlnIWmWsO6WyqCXHfjiCxjMVo1GQ0ZjAeN5lOmkzETSaTJqmMTcYwMCwwLHvGjpECNCmQAnQJQbcg496J5erE4/bj89ZQE2ol4G/A561FSp287XEzkgNuMoLMYu7cdF33EHJ5CQVaZs7ZtqK9ZoJP7TgD2QhmeBDbSGHZzpxsl8wtEq250AP16IEGNI8PXUo0TcyuHJTrmZVyGmpJS12QhxqPRm2Lxt4W78wyR4atyFoKyzSwkhFsBZZlkjUVmgRXTm/Lq2a6pvGO8Wl6jTuRorBsNzcpCnGTEuRaFAvNllLD69Zw+WpRXg0VGURlU/O0LYXQLYRLguaEUqyXdFhReZkdlMwXWwrw6QIlBcqWzp7rtrh26UiFc84TRIv7UFmF4uYnQzFUTCzWaiO3QFDOyAbcQajtRLn9M+fyBrgy0qgKmSK6qHIrAIGy7RkizTmEBE/IqZMyHl9aD2xYghSDcAeQdZ0Id2DOeWVmwVq84VwJuFai5iA1hLcG4fZT3YaqSpBrIFx+hySe4OxJZa/f9s7r0CAVAopJRKk75HB5Z/OysQVIlSBF4fIh6joRntDMKZUKo1LhtU97zRukADMN86cmay6krxahe9a+jBWEKkGuA6F7kXWbEd4a54RlYEcG14cka1cqVCaOysTnldWD8NWC5ip1BssOVYIsBN3tqFu+Wue7la1gkuTJEZt71uV1OgG5YRyaS0K1Vm4EzY2s7cRGolLTMySRKISvvtS5WyQEKhObJzkEwu1zbK0ynatfDqgSZDHQXMjaDmwhUMk8SYaQUAEkKaJWCYFwBxxv3QZ3494IVYIsFpqOrG3PkWSqQkhSRHIIifAEEW4fG95FtQhUCbIUSB1Z044tJCoxUeYkKUIOqTnkcPlKnbmKQZUgS4XUkKFWbMRckigQ/nIhSTFy6AhvqOrGXSKqBFkOpIasaUUJiR0fc0gSzUkSfz3LUl0EOXtgJWqPc+815NBcSG8INHepa67iUCXIciEkItTihLjHRmdJYpuwXBXGNlBmOjcfZOlEEUI492cSs+d0d9WNuwJUa20lEBIRzJEkOjrjAl62Z8i2UIkplG2yHIKogv8hN8bhCYHUlvysKhxUCbJSCIEINiOFxI4OOzFOy54XUhhAuLKgLOH2V8c4VgEbnCCrNWlbIAKNSESOJGYJiyQcclRD1VcFG5MgQjjqkWWuoLe/5qGIQENO3RoGyyhBuSTCE3BC1VdpjENYpjP/GLWKdVU52FgEyakbrtgktRcO02J0wbY7IehapTBzgfDnSBIZXt85JEI6blyXl1UbALRsNh36ETF1J5H995Gt3YRCIDbAVNs8NgRBlJAIZeOZHKCh602aThwk0H8W7607UOqOVU9P+OodmyQyCEtYoWTZkBrCE5qdx7Fa9QaEek+z8+hvSL6/h8k7HmXqtkdINW5GSW1DEOUmJogz91qaJv7xSzSeepXG06/hG7uKtM38xsRrl7q31rFJIoNgZtaumJoL6QmBvnZjHAKL0EAXwaELtHzwS6Zue4SJOx4l2boL2+VG2NeZnXgT4OYjiBAoIdGyKQKDXTSdOEjDuTfxhIcRSrGer1J4a5BCoMKDKDO9+s/X3Y4bd63mcRSspaUAbBv/eC++3z1N8/HfMn3L/Ux85HFiW27D8gQciXKT2Sk3D0GEQCHQ0zFCV0/QfPxF6nqO4IpPc+0IwTpmyxOC+s0QHkAZ1+6Mtezn6p7cAOD6jnHka9IdGWPTez+n8fRrRHbezfhdnyO642MY/lpnbfqbhCiVT5BCw7vnCM0nXqTm8ofomUTZCH3hDkDdZlR4AIzkyp/n8iG8oXUY47jxvtR6MkLT6Vepu/AOsa13MPGRxwnfch/ZmmacjU8q206pcIIoPFOD1OcM7+BgF5qRWVc1arEQbj+y3iGJyiaW+5TcAGBgHQcAb1yTCtCyKep73qP2ynESbXuYuPMxpm59iHRDZ0WPx1QsQZSQBAfOsfNn/zuB4W6kbZUlMQohXD6o2wyRgWvmhd/45hJMclpihSpAmAah/rMEB7to+eB5Ln/xfyOy/WMV6/Gq2DgEYVs0n3iJ0GAXIkeOSoBweZ0VU7yhJdwkHTeupzJGx/MGfWD0Es3HfoMsxaDpKqEyCSIknukh6rveKnVOlpd93Yus7UR4a298ceFCbqWAWr5bQQF13UfwjV91VmusQFRmroH6C+/ineirGMlxDXQPsq4D4au7/jWajvTVrPoA4GJhK8WEbbOY4PvrzWTxTA9Tf+6tgl0XKwuVRxAh0JMRGk+/hiyyOuBiejsBZIBJy0LZ9iLvWgNobmRtx+xMxII2JDQX0lsLWolmAArAVlyyFR8CsevUUv5cHAgX/V3RePZ3uKITFaEezkfFEUQJSaj3JMH+M9f0SWlgHDAo3qOJ3G99wBGg27KwbVXapQtyK6YIf0NuLKe8FnKzgX7gA2A0dy5ftyYwAZzO/V5slEcB/uFuai8fq0g1q+K8WNLI0Hj6NfRM8hqC6MAQcB7oADYB+bhWAxgBenFeqpH7rSwgdWdZIRQim3S8XWUzycnpQKaBY8BunHqdBIaBKZyOaSvQQnGnl2ZkaDz9KlP7H8J2eSlvX+NcVBRBlJAExi5T13OkaBW7gG040uEEEALagCAOccZxer3y2Qu3AFJHhlod9285eX1yFS2AFHAWuIhDirzjNgDsxGlM6jqPqLl8nMDQBaLbP5KL3aoMVJTME8qm4ewh3OHRor8roAbYC2hAFOgGPsTp7SzKkBiFuReyrPd7FzikSDK78LsAtgB1LCwXXPEpGs68jrAqa5+VyiGIELij4zScfeOGjbwTR8XKX3e9Vfwrpx8rLxTWay2OenWjhiSAhvNv450eqqhpwBWTUyUEtRffxz968YYNW8fRlUNUSbAiqIVjsTRgB46KdaN6VoB3vJe67sMV9U4qhCACPZ2g8fSrSPPG+nle1dpNhRlZZQl13bPNQPsSniRti8bTr+FKRirG5VsRBFFSEhg4R82VE0vqffKqVhWrDw+OYb6UURoFBPvPEOo7VTEu34rIpbQMx7WbjCzpvhuqWrM7WlZxPVynetpxJMhSa09PJ2g89SrSWMNZlquIsieIEhLv5AD1F95Z+r1UVa3VhsIZP9qBY4Ms5/7anvfwjV2pCClS/jkE6rvewjs5sOz7q6rWMlFsE1ycsaZali97PeERGrreLGOX+9zylidyc8v9Y1doOvESYgVTOK+valXVqxuioN4VznjHFla+xHbTyVfwj/Q4Lt8yNtjLkiBKSGQmRfPx37D7x98mOHBuRU25qmotF3NrXcdRrfysrGtRgH+kh90//jYtHzyPlk6UrbpVXu1FCFCK4NB52t78AY1nXi8ac7VcdOLEYfUVnKvKkBtAzf5pwQndWZU6U4rgUDc7fvl/Udd9mKEH/4x45/6ZNlAuKBuCKCFxJaZpPv5b2t59Fu+E04xXs6ryqtY0sDR/WBVeHLeum9V7JwqQ2RRNJ14i1Hea4Xu/xPiBz5MNNpbNFN3SE0RIhG1Sc/kYHYe+T13Pe0gzuyY9e6GqdaLU5a4EFLjBO4BG1k7ieqYG2frSP1LX8x6DD32N6M4DKM1V8lVRSkgQgRICT3iY1iP/Qsv7v8QTm1iXhRc6cSJ7KytsrjRQyomG3o7j1l3LdyMsg/ruwwSGLjB24POM3Psl0g2dOQdNadSukhFEmhnqz79N+5vPEOo742wes46F3g0MrXjLs5sbChBKsQ1H8q7H+1E4kb8dh56h9tJRhh78KlP7H8R2+dYpB3NREoII26LjjadoP/RMSRZ4y6taXtNEmKbDkfKxC8sHAhqEoJESVJGyCfWfZddzf8PwfX9C36N/6ahc64z1960JiTs6RtOJgyVd/VAA3v4RYr89gp01q4JkHoQQGGMx2sNJSjUH0FmQLknTyZfxTA+XxBW87ikqIQgMdTsFXvfizstL1mDiuTeI/O5EiXNSZhACYzLBxE+PI8eiJe07FOCOjBEc7CrJgOK6E0TYFjWXj6MZq7/a+XJgRZOMfu9FEh9eBFkVIwiBncwy/vOTxE8NlTo3gBOsWnP5OKIEU5HXlyC5JXtCvSfXvaALITs8ycg//5pM7+iGJ4kybaZePk/4zUtQRnPHQ72nnJX611mKrCtB8rFVvrGrJVev5iN5tpfR7/4GczJW1rFBa43o4StM/uYsyigfJ7gCvJMDBEYurrsdsvapCYGScmbLrporx9FT0XUt5GIRffsM4z9+DZUxNh5JpCBxboSxn32IFS+/uRpaJkHN5WPOOsxSQ8n1CXJcfTevkCjhOAWlaaCnonimhvCN9xIcOEfD2TfWvFDLhbJspp5/F3dbI41fuG/jqFtCkOkPM/bjYxhjS1x1fh3RcvRXaKkY8c23kmreRqahHdNfg627AeEMKK7yyPvKCJLb1Qnh7HwqjTSu2KQjDod7CAyexzd2Gc/0MHoqXrA3YPnCTmcZe+YVXC111Nx/e1kFzq0JhMAMJxl79jipSxOlzs2CcEdGaX/3WWypYXmDZOrbSLbsINGxl2TbHlKNnRihJmyX15EwSq14t6ulESQ3RwMcb5SejOKOjuEbu0pg6DyB4R58Y1dxxSbQMsk5y8MU/s1/tnDCF8qtnzYno4x+9ze4mmrx7dtSVsbqqkKAnTaY+MUpYsf6S52ba1CsjSjybS+CKxkhOHge9eFvsdw+jFATqZatJFr3kOjYS6plO9naTZi+IEo6TX2p+yguQBCRI4QTfizNLK5kGM/UEP6RiwSGuvEPd+OdHkJPTCNNY0FCFHk64Cx67Mkd5dQM01dGGPnn39D57/4EV1vDzUkSSzH9ygWmD10sK0mZXyo2hdMurtdIC3OsZVNok/34Jvtp6HobW3NhBOrINLSTaN1Non0vybZdZOo7MAK12Lonp/nkJUzx8s+mnSdDbqN4mUnijk/hHb9KYPgigcHz+Mcu446MoqfiM+HI6joZXgx0nDDqCE4YdU2p38w8xI91M/rUQdr+pz9AC/rKqhGtGAKi7/cy8avTqIxZ6twUZos4kMCZ1rvUza3zb0hYBu7oOJ7oODVXT6KExPQGyda2kGzZTqLjFpJtu0k1b8MINWJ5/DntSBWQBnQlNaRloCXjeMLDs+rSUDfeyX7c0QmkmZmZ8roY6bAUuIB6nOjaOM6kHNcqPn9FUIrwq8dwtzbQ/D9+GuHSyiRjK4QQJLtGGPvph1ix8vBYCRx1agLI4iyQvRqRVzOvS9noqSiuVJTAyEWaTr+KrXswQo2kGjeTbN/jSJmW7WTq27C8IWzdhXjuX31L+Yd78I9ewjs1hJ6KIC1z7sPXAQpnef0oztyDwDqmfSNoIR9t//MfUv/Y3WubkGVgT/SgzOzapSEE2aEIg//lbVI942tbniUgDQziSIx2lrdiyrKrJPfX1nRMXw2ZhnaSm3aSaNuNOCqEmi8dSomxXEVtBRpKnZkcFODd3Mzm//Bn+PZtXTtVa60JIsBOGIx8/z1npLxMEAcu4bzvTkrvtJmxpYXg/wedCr4TB19SngAAACV0RVh0ZGF0ZTpjcmVhdGUAMjAxNi0wMy0yOVQwNToxMzoyOC0wNzowMK9LWJEAAAAldEVYdGRhdGU6bW9kaWZ5ADIwMTYtMDMtMjlUMDU6MTM6MjgtMDc6MDDeFuAtAAAARnRFWHRzb2Z0d2FyZQBJbWFnZU1hZ2ljayA2LjYuMC00IDIwMTItMDUtMDIgUTE2IGh0dHA6Ly93d3cuaW1hZ2VtYWdpY2sub3Jn0RqxsgAAABh0RVh0VGh1bWI6OkRvY3VtZW50OjpQYWdlcwAxp/+7LwAAABh0RVh0VGh1bWI6OkltYWdlOjpoZWlnaHQANTEywNBQUQAAABd0RVh0VGh1bWI6OkltYWdlOjpXaWR0aAA1MTIcfAPcAAAAGXRFWHRUaHVtYjo6TWltZXR5cGUAaW1hZ2UvcG5nP7JWTgAAABd0RVh0VGh1bWI6Ok1UaW1lADE0NTkyNTM2MDhsSmlHAAAAEnRFWHRUaHVtYjo6U2l6ZQAyNy4zS0KG3EJPAAAAW3RFWHRUaHVtYjo6VVJJAGZpbGU6Ly8vaG9tZS9oeHRybWUvaGV4YXRhci5jb20vZ2FsbGVyeS9wbmcvMTYwMzI5XzA3MTMyOF9tMDQ5MWQ5ZWJhMV9hdmF0YXIucG5ntdCVKAAAAABJRU5ErkJggg==','mike_williams@adacta.si','Mike','mike','Williams');
/*!40000 ALTER TABLE `user` ENABLE KEYS */;
UNLOCK TABLES;
/*!40103 SET TIME_ZONE=@OLD_TIME_ZONE */;

/*!40101 SET SQL_MODE=@OLD_SQL_MODE */;
/*!40014 SET FOREIGN_KEY_CHECKS=@OLD_FOREIGN_KEY_CHECKS */;
/*!40014 SET UNIQUE_CHECKS=@OLD_UNIQUE_CHECKS */;
/*!40101 SET CHARACTER_SET_CLIENT=@OLD_CHARACTER_SET_CLIENT */;
/*!40101 SET CHARACTER_SET_RESULTS=@OLD_CHARACTER_SET_RESULTS */;
/*!40101 SET COLLATION_CONNECTION=@OLD_COLLATION_CONNECTION */;
/*!40111 SET SQL_NOTES=@OLD_SQL_NOTES */;

-- Dump completed on 2019-06-12  9:23:27
